-- MySQL dump 10.13  Distrib 5.7.17, for Win64 (x86_64)
--
-- Host: 127.0.0.1    Database: classification
-- ------------------------------------------------------
-- Server version	5.7.20-log

/*!40101 SET @OLD_CHARACTER_SET_CLIENT=@@CHARACTER_SET_CLIENT */;
/*!40101 SET @OLD_CHARACTER_SET_RESULTS=@@CHARACTER_SET_RESULTS */;
/*!40101 SET @OLD_COLLATION_CONNECTION=@@COLLATION_CONNECTION */;
/*!40101 SET NAMES utf8 */;
/*!40103 SET @OLD_TIME_ZONE=@@TIME_ZONE */;
/*!40103 SET TIME_ZONE='+00:00' */;
/*!40014 SET @OLD_UNIQUE_CHECKS=@@UNIQUE_CHECKS, UNIQUE_CHECKS=0 */;
/*!40014 SET @OLD_FOREIGN_KEY_CHECKS=@@FOREIGN_KEY_CHECKS, FOREIGN_KEY_CHECKS=0 */;
/*!40101 SET @OLD_SQL_MODE=@@SQL_MODE, SQL_MODE='NO_AUTO_VALUE_ON_ZERO' */;
/*!40111 SET @OLD_SQL_NOTES=@@SQL_NOTES, SQL_NOTES=0 */;

--
-- Table structure for table `allchildrenperattribute`
--

DROP TABLE IF EXISTS `allchildrenperattribute`;
/*!40101 SET @saved_cs_client     = @@character_set_client */;
/*!40101 SET character_set_client = utf8 */;
CREATE TABLE `allchildrenperattribute` (
  `id_attribute` int(10) unsigned NOT NULL,
  `text` varchar(50) NOT NULL,
  `children` longtext,
  PRIMARY KEY (`id_attribute`),
  UNIQUE KEY `allChildrenPerAttribute_id_attribute_UNIQUE` (`id_attribute`)
) ENGINE=InnoDB DEFAULT CHARSET=utf8;
/*!40101 SET character_set_client = @saved_cs_client */;

--
-- Dumping data for table `allchildrenperattribute`
--

LOCK TABLES `allchildrenperattribute` WRITE;
/*!40000 ALTER TABLE `allchildrenperattribute` DISABLE KEYS */;
INSERT INTO `allchildrenperattribute` VALUES (1,'Integrity Protection Assets','1'),(2,'Behavior','2'),(3,'Data','3'),(4,'Data and behavior','4'),(5,'Representation','5,6,7,8,9,10,11,13,12'),(6,'Static','6'),(7,'In memory','7,9,10'),(8,'In execution','8,11,13,12'),(9,'Code invariants','9'),(10,'Data invariants','10'),(11,'Trace','11,12'),(12,'Timed trace','12'),(13,'HW counters','13'),(14,'Granularity','14,15,17,18,19,95'),(15,'Instructions','15'),(16,'BB','16'),(17,'Function','17'),(18,'Slice','18'),(19,'Application','19'),(20,'Lifecycle activity','20,21,22,23,24,25,94'),(21,'Pre-compile','21'),(22,'Compile','22'),(23,'Post-compile','23'),(24,'Load','24'),(25,'Run','25'),(27,'Attack','27,28,29,30,31,78'),(28,'Binary ','28'),(29,'Process memory','29'),(30,'Runtime data','30'),(31,'Control flow','31'),(32,'Measure','32,33,34,35,38,41,44,50,57,62,67,36,37,39,42,43,45,46,47,48,49,51,52,53,54,55,58,59,60,61,63,64,65,69,70,71,89,90,91,92'),(33,'Local','33'),(34,'Remote','34'),(35,'Monitor','35,36,37'),(36,'State inspection','36'),(37,'Introspection','37'),(38,'Response','38,39,92'),(39,'Proactive','39'),(40,'Postmortem','40'),(41,'Transformation','41,42,43'),(42,'Manual','42'),(43,'Automatic','43'),(44,'Check','44,45,46,47,48,49'),(45,'Checksum','45'),(46,'Signature','46'),(47,'Equation eval','47'),(48,'Majority vote','48'),(49,'Access control','49'),(50,'Hardening','50,51,52,53,54,55,91'),(51,'Cyclic checks','51'),(52,'Mutation','52'),(53,'Code concealment','53'),(54,'Cloning','54'),(55,'Layered interpretation','55'),(56,'Block chain','56'),(57,'Overhead','57,58,59,60,61'),(58,'Fair','58'),(59,'Medium','59'),(60,'High','60'),(61,'N/A','61'),(62,'Trust anchor','62,63,64,65,71,89'),(63,'TPM','63'),(64,'SGX','64'),(65,'Other','65'),(66,'None','66'),(67,'Protection level','67,69,70,90'),(68,'Internal','68'),(69,'External','69'),(70,'Hypervisor','70'),(71,'Software','71'),(72,'Reverse engineering','72,27,73,80,84,28,29,30,31,78,79,81,82,83,85,86,87,88,101'),(73,'Attacker','73,101'),(75,'Attack','75'),(78,'Call interposition','78'),(79,'Disassembler','79'),(80,'Tools','80,79,81,82,83'),(81,'Debugger','81'),(82,'Tracer','82'),(83,'Emulator','83'),(84,'Discovery','84,85,86,87,88'),(85,'Pattern matching','85'),(86,'Taint analysis','86'),(87,'Graph-based analysis','87'),(88,'Symbolic execution','88'),(89,'Dongle','89'),(90,'Self-check','90'),(91,'Hash chain','91'),(92,'Reactive','92'),(93,'Asset','93,2,3,4'),(94,'Link','94'),(95,'Basic block','95'),(97,'asdf','97'),(98,'23','98'),(101,'Not root','101'),(103,'ffffffeee','103,104'),(104,'lulkek','104');
/*!40000 ALTER TABLE `allchildrenperattribute` ENABLE KEYS */;
UNLOCK TABLES;

--
-- Table structure for table `attribute`
--

DROP TABLE IF EXISTS `attribute`;
/*!40101 SET @saved_cs_client     = @@character_set_client */;
/*!40101 SET character_set_client = utf8 */;
CREATE TABLE `attribute` (
  `id_attribute` int(10) unsigned NOT NULL AUTO_INCREMENT,
  `text` varchar(50) NOT NULL,
  `x` varchar(50) DEFAULT NULL,
  `y` varchar(50) DEFAULT NULL,
  `xMajor` varchar(50) DEFAULT NULL,
  `yMajor` varchar(50) DEFAULT NULL,
  `major` tinyint(1) DEFAULT '0',
  `x3D` varchar(50) DEFAULT NULL,
  `y3D` varchar(50) DEFAULT NULL,
  `z3D` varchar(50) DEFAULT NULL,
  `xMajor3D` varchar(50) DEFAULT NULL,
  `yMajor3D` varchar(50) DEFAULT NULL,
  `zMajor3D` varchar(50) DEFAULT NULL,
  PRIMARY KEY (`id_attribute`),
  UNIQUE KEY `id_attribute_UNIQUE` (`id_attribute`)
) ENGINE=InnoDB AUTO_INCREMENT=105 DEFAULT CHARSET=utf8;
/*!40101 SET character_set_client = @saved_cs_client */;

--
-- Dumping data for table `attribute`
--

LOCK TABLES `attribute` WRITE;
/*!40000 ALTER TABLE `attribute` DISABLE KEYS */;
INSERT INTO `attribute` VALUES (1,'Integrity Protection Assets','1649.0310541692468','657.0731905134155',NULL,NULL,0,'2982.356969925021','-2285.019961769441','-864.2180305371212',NULL,NULL,NULL),(2,'Behavior','101.37013214331847','-33.71636299987085',NULL,NULL,0,'-4105.754594713023','2970.805490853027','520.6240466093806',NULL,NULL,NULL),(3,'Data','197.83932825786945','-13.324051457043254',NULL,NULL,0,'-5002.920658104225','2416.7437462541925','-667.9458699193781',NULL,NULL,NULL),(4,'Data and behavior','194.8960056011358','78.44135048568128',NULL,NULL,0,'-3116.814622838809','2150.293659766716','-739.4750876543186',NULL,NULL,NULL),(5,'Representation','44.108424258902005','290.011582742518','-1149.3243542368157','137.33226042504893',1,'-5631.8223863130315','-700.1480012803709','232.8933266727454','-2297.307274575899','1861.2451999882087','251.40799472895628'),(6,'Static','887.4460306295156','193.1481029140868',NULL,NULL,0,'-753.8117777226684','2672.900536068831','55.5562648093229',NULL,NULL,NULL),(7,'In memory','889.6007858584886','300.2077385139318',NULL,NULL,0,'-859.8475232068192','1419.0143417630459','1049.9932319804325',NULL,NULL,NULL),(8,'In execution','891.7555410874618','422.5616077708977',NULL,NULL,0,'-525.1480844836708','-997.8604194722125','-515.3976828985001',NULL,NULL,NULL),(9,'Code invariants','1204.8930473445566','121.77501251418998',NULL,NULL,0,'206.51897236227046','1964.5856119335288','1212.8380148609385',NULL,NULL,NULL),(10,'Data invariants','1222.3420362306504','277.2663880282506',NULL,NULL,0,'1584.2972884243895','1107.9452114293008','596.1960385203179',NULL,NULL,NULL),(11,'Trace','1218.2434728270118','556.502958256579',NULL,NULL,0,'1414.656335785149','-1776.66513018276','-191.61968505004643',NULL,NULL,NULL),(12,'Timed trace','1396.2819151128742','559.0519971994323',NULL,NULL,0,'2706.2310058466305','-505.4745310046228','-577.2241671516888',NULL,NULL,NULL),(13,'HW counters','1217.4549053992523','418.8548553424921',NULL,NULL,0,'1194.9742695396158','65.74160947273646','-137.41344005045494',NULL,NULL,NULL),(14,'Granularity','131.17003202979896','505.5221793995098','-897.3263229714349','350.66392710473633',1,'-4849.209350403896','-1872.1017791288107','20.015773720053858','2750.4431883226216','-2948.6211902334258','-502.6910289016656'),(15,'Instructions','439.20946040118747','411.20773851393204',NULL,NULL,0,'-3677.00212371179','-2059.3275936855316','-1231.9318958901586',NULL,NULL,NULL),(16,'BB','1659.8048303141127','727.2885674277603',NULL,NULL,0,'2143.4276500237497','-2464.144864036762','-1036.6394584036368',NULL,NULL,NULL),(17,'Function','433.32281508771996','574.346230856553',NULL,NULL,0,'-3825.8952008628225','-2536.6896428436626','-495.4057692218644',NULL,NULL,NULL),(18,'Slice','432.9285313738393','653.3664380850103',NULL,NULL,0,'-3435.1692734008243','-2081.4646016536462','1249.2503410645315',NULL,NULL,NULL),(19,'Application','440.1813644885202','734.9356842563209',NULL,NULL,0,'-3659.547946100021','-2773.817578816789','732.0912311726131',NULL,NULL,NULL),(20,'Lifecycle activity','187.43222543214645','186.89231154282785','-637.3283542055661','495.99612503027356',1,'-4688.243193111236','110.89828167666965','-422.7101612981819','3088.7134093484487','338.8041040030753','-411.428475846131'),(21,'Pre-compile','580.9837371136482','-13.090439485293977',NULL,NULL,0,'-2098.4675273781886','1903.2747623767602','708.8565788744929',NULL,NULL,NULL),(22,'Compile','585.687531285475','63.38072880030976',NULL,NULL,0,'-2060.668061605252','1333.5185979024836','700.4689784693802',NULL,NULL,NULL),(23,'Post-compile','587.8422865144481','132.20478025735312',NULL,NULL,0,'-2417.367759420388','1072.6497859901137','-40.15143208390509',NULL,NULL,NULL),(24,'Load','587.4480028005672','264.75480528573274',NULL,NULL,0,'-2148.2653425899725','-308.27053657036','59.54550985321248',NULL,NULL,NULL),(25,'Run','592.1517969723947','336.12789568562965',NULL,NULL,0,'-2078.8620483112054','-1015.7537643835454','82.76219647055268',NULL,NULL,NULL),(27,'Attack','940.3360043758586','193.66191904993806','-279.99781251708964','-209.3316979294433',1,'-560.3840244102373','102.1552480434342','-956.7462882957757','-1043.6553421224908','633.6478862886546','4.547473508864641e-13'),(28,'Binary ','724.3219621018262','83.03790265880495',NULL,NULL,0,'-669.670563198074','778.7013671716411','-1338.7442185818304',NULL,NULL,NULL),(29,'Process memory','906.7840594430213','83.03790265880497',NULL,NULL,0,'-94.03937291157544','-1336.7099182805853','1261.323300421252',NULL,NULL,NULL),(30,'Runtime data','1084.0008419920632','80.41524526272829',NULL,NULL,0,'-1286.5345978331447','-12.458919208386305','-1284.887427267443',NULL,NULL,NULL),(31,'Control flow','1242.8590227685681','138.11370797641482',NULL,NULL,0,'613.0758806397226','625.6623474191132','-1220.5401846641005',NULL,NULL,NULL),(32,'Measure','873.3942993388207','163.0985353391625','-771.9939687971188','-501.32941669726534',1,'-1540.1203017455578','164.35563430566253','519.8406371279184','-2885.666024652709','-362.649687924208','366.3875195434952'),(33,'Local','1110.8113585010585','131.57603389965158',NULL,NULL,0,'414.01249022013945','650.3924349711187','217.48400016653432',NULL,NULL,NULL),(34,'Remote','1118.2995836339228','209.45515510314914',NULL,NULL,0,'491.74632812015005','97.3780742973924','-123.8359011677826',NULL,NULL,NULL),(35,'Monitor','265.40894594719606','-14.91088455454599',NULL,NULL,0,'-3569.5793861554353','1840.7840486857215','360.30867064656013',NULL,NULL,NULL),(36,'State inspection','126.41025262586263','-94.64427054860292',NULL,NULL,0,'-5341.030340064095','2669.721222390146','-724.4818029428425',NULL,NULL,NULL),(37,'Introspection','109.15191089189352','43.71535517567398',NULL,NULL,0,'-4970.62799052557','1395.0657686414263','-235.261091445313',NULL,NULL,NULL),(38,'Response','452.9031877055812','-11.20235497342702',NULL,NULL,0,'-2593.6039171763614','2544.8218260668036','-759.650458124624',NULL,NULL,NULL),(39,'Proactive','342.9316064436389','-99.66960379790412',NULL,NULL,0,'-3372.016016595666','3430.1408603523755','-464.66544817688964',NULL,NULL,NULL),(40,'Postmortem','1854.8697013097888','296.6056002594439',NULL,NULL,0,'-5498.445586366219','-3168.741296759451','-466.7710346363615',NULL,NULL,NULL),(41,'Transformation','630.4856117755306','-16.918681805246013',NULL,NULL,0,'-674.7676646465982','2349.977089886205','-139.82051733421395',NULL,NULL,NULL),(42,'Manual','578.6373636104923','-117.0489804954572',NULL,NULL,0,'-921.5490625752307','3398.8951229358577','-479.87542564422074',NULL,NULL,NULL),(43,'Automatic','693.6729465958057','-122.6117748671356',NULL,NULL,0,'127.94846090778958','3219.9382164220856','20.700303685751805',NULL,NULL,NULL),(44,'Check','873.6077972507001','-2.0845634807704645',NULL,NULL,0,'1837.275949199416','2425.3707306235287','-191.4718377402669',NULL,NULL,NULL),(45,'Checksum','821.7595490856617','-126.32030444825449',NULL,NULL,0,'1281.3745416615216','2879.8359194492364','723.2800076185517',NULL,NULL,NULL),(46,'Signature','944.2121912332129','-130.0288340293734',NULL,NULL,0,'2246.4861157601076','2810.5915954973075','942.1178163301893',NULL,NULL,NULL),(47,'Equation eval','1088.916010867478','-130.02883402937346',NULL,NULL,0,'4753.967841269285','3722.180629086103','-665.6491212581645',NULL,NULL,NULL),(48,'Majority vote','1272.5593911034905','-130.02883402937346',NULL,NULL,0,'5182.609118082028','2736.231141284869','551.5771540960122',NULL,NULL,NULL),(49,'Access control','1433.9515938527904','-98.50633258986255',NULL,NULL,0,'6003.849502008718','2344.8187915623075','899.7533214767686',NULL,NULL,NULL),(50,'Hardening','1105.1773981587537','16.30455196468352',NULL,NULL,0,'3255.87157917825','840.7435575967074','88.59670625233503',NULL,NULL,NULL),(51,'Cyclic checks','1574.377556140925','-28.769818620181876',NULL,NULL,0,'5319.912403964804','1727.0256279508856','111.736167113791',NULL,NULL,NULL),(52,'Mutation','1572.594457320991','44.118523823075535',NULL,NULL,0,'4730.551295434692','949.487537634357','746.8857972408391',NULL,NULL,NULL),(53,'Code concealment','1580.0826824538556','109.0177914926567',NULL,NULL,0,'5356.577880976774','409.08695466782','279.84508938293175',NULL,NULL,NULL),(54,'Cloning','1574.591054052804','179.4798535339163',NULL,NULL,0,'5418.041195227526','-113.16968086050889','220.2466009992163',NULL,NULL,NULL),(55,'Layered interpretation','1592.5637433394631','248.0876507846166',NULL,NULL,0,'5193.809046312347','-656.3386097542594','748.8403578656307',NULL,NULL,NULL),(56,'Block chain','1858.4704534387163','371.42124195265205',NULL,NULL,0,'-6603.287282993331','-3590.335405994925','-415.31175748802025',NULL,NULL,NULL),(57,'Overhead','443.70302972341','181.33411832447578','-643.9949687893062','-167.99868751025386',1,'-3111.5808170396704','-114.66231598591185','866.8210719505937','164.35378747602084','1134.055950173481','-753.9175926735629'),(58,'Fair','242.52692883344275','352.5330491564459',NULL,NULL,0,'-5469.649462165422','-1106.5081701160102','688.9308524708213',NULL,NULL,NULL),(59,'Medium','322.36666614110965','353.66176587542634',NULL,NULL,0,'-4962.526245694544','-1110.5939508533318','750.2335288606791',NULL,NULL,NULL),(60,'High','399.8140466819174','355.44692168786355',NULL,NULL,0,'-4466.411357115115','-1226.125726118128','787.2822971600735',NULL,NULL,NULL),(61,'N/A','480.19061425803926','356.0880462774242',NULL,NULL,0,'-3918.0005729833483','-1244.1277199837466','842.8111976052214',NULL,NULL,NULL),(62,'Trust anchor','875.4620620412592','296.1450028790219','-894.6596771379391','-287.99775001757797',1,'-1852.7437633603195','-1111.1540361743937','-97.31951956107605','-1496.7187517790915','-1076.584406805348','1016.42713987056'),(63,'TPM','964.5379379587403','431.50633258986267',NULL,NULL,0,'-1184.9044012773659','-1789.3336295065346','572.4938645051229',NULL,NULL,NULL),(64,'SGX','1031.3626363895075','431.5063325898628',NULL,NULL,0,'-760.1823260827139','-1683.7777345675374','-319.8366899296602',NULL,NULL,NULL),(65,'Other','1109.3129235636318','433.3605973804221',NULL,NULL,0,'-294.31717100375323','-1603.1064742755818','528.323654467245',NULL,NULL,NULL),(66,'None','1859.7202051212796','450.88202131678383',NULL,NULL,0,'-8858.024127630688','-3467.2103127353244','-1518.0462141048988',NULL,NULL,NULL),(67,'Protection level','1307.8615880947477','346.2101522241273','-914.6595208891597','-155.9987812595215',1,'996.9534648630378','-1705.7452487059247','512.4409064068868','-2534.5247518544247','256.0799143751864','-203.61227561712337'),(68,'Internal','1848.7375791730985','231.62966387167714',NULL,NULL,0,'-7748.085581592561','-3476.806033232715','-1364.4036208165571',NULL,NULL,NULL),(69,'External','1384.6705318924207','472.6840866444073',NULL,NULL,0,'2529.0218352225365','-3007.2567771414238','285.6644084838954',NULL,NULL,NULL),(70,'Hypervisor','1254.9431625238847','456.740491586116',NULL,NULL,0,'1583.1531063878915','-2645.529174665351','703.9929349935978',NULL,NULL,NULL),(71,'Software','760.4976450265727','425.7900057580437',NULL,NULL,0,'-2797.358495533419','-2152.495606294804','-225.68108123829825',NULL,NULL,NULL),(72,'Reverse engineering','456.2492122594371','195.8121706901014','-51.99959375317334','27.999781251708782',1,'-150.57370347755636','-715.1167132090086','-15.635084340648746','-197.80873206507522','-917.9333817485949','326.9834909860764'),(73,'Attacker','455.1247623762343','304.1895132940248','-285.3311041840815','39.999687502441375',1,'1144.1859704610501','240.24312276877822','-194.02308367976838','1024.0980845461536','-88.9569907091659','-1366.4392732671088'),(75,'Attack','940.3360043758586','193.66191904993806','-279.99781251708964','-209.3316979294433',1,'-560.3840244102373','102.1552480434342','-956.7462882957757','-1043.6553421224908','633.6478862886546','4.547473508864641e-13'),(78,'Call interposition','1246.347996774703','268.8145864563514',NULL,NULL,0,'-614.6855742024392','69.78717798899197','172.16880717031245',NULL,NULL,NULL),(79,'Disassembler','100.12950183558092','66.83901894908688',NULL,NULL,0,'-1995.7698478480065','-1269.2143260974635','-850.0941495725112',NULL,NULL,NULL),(80,'Tools','182.93061812586294','195.34923135684326','-58.666208336913826','-187.99853126147457',1,'-1164.2709035330786','-836.8747820341652','-862.5478927977981','-1342.1191295012839','-114.96057988172356','-15.715835268157775'),(81,'Debugger','222.45788738087995','69.46167634516351',NULL,NULL,0,'-898.1664589407969','-1951.0450139459258','-746.8683106090873',NULL,NULL,NULL),(82,'Tracer','339.07987666203144','105.12817980870786',NULL,NULL,0,'-1551.0856659947635','-478.5743355733096','-1242.1773531332879',NULL,NULL,NULL),(83,'Emulator','181.22698500534597','328.30650147624226',NULL,NULL,0,'-1150.7311957570096','-1400.1755468659949','217.24970035778017',NULL,NULL,NULL),(84,'Discovery','713.1518947222972','272.72709096376013','301.3309791850585','-165.33204167675774',1,'134.6578654717242','-290.1059399368047','911.8235960463293','-107.54154854705472','-1454.515798633701','553.3090234561244'),(85,'Pattern matching','676.5292554630063','398.4778093963763',NULL,NULL,0,'1037.20466085537','-142.0301624518263','1259.2820528498744',NULL,NULL,NULL),(86,'Taint analysis','852.9380630792848','401.93938973457784',NULL,NULL,0,'647.4909578714954','-571.3963813086439','1710.4840235215438',NULL,NULL,NULL),(87,'Graph-based analysis','1061.657682390608','399.1489477500765',NULL,NULL,0,'696.823432627275','-1526.425663903857','1189.8850144020796',NULL,NULL,NULL),(88,'Symbolic execution','1302.992734564465','342.1965639504301',NULL,NULL,0,'662.2672080618793','-1189.9103668925495','887.5497529647132',NULL,NULL,NULL),(89,'Dongle','882.9502871741241','431.3528001297221',NULL,NULL,0,'-1758.2619761800556','-1832.5148037505676','517.4632417765356',NULL,NULL,NULL),(90,'Self-check','1527.733584648006','468.36898696278894',NULL,NULL,0,'2254.929586909267','-2091.1030565912292','640.2494531206704',NULL,NULL,NULL),(91,'Hash chain','1560.609501237264','336.10961673256753',NULL,NULL,0,'5428.823081049158','-1392.7422049872685','622.1884914602401',NULL,NULL,NULL),(92,'Reactive','465.9542072101243','-113.80104829476028',NULL,NULL,0,'-2156.9317741090754','3388.5632998016813','29.848118994063952',NULL,NULL,NULL),(93,'Asset','-25.109910912021626','78.67496245743045','-1157.3242917373038','347.99728127124',1,'-4808.952804641889','1030.5020433257075','5.0788317295755405','3129.4424613034453','-1133.9728517827305','-488.9199597681988'),(94,'Link','586.265151658927','195.93075382868957',NULL,NULL,0,'-2652.1505220442427','412.8804880622755','131.98179481604484',NULL,NULL,NULL),(95,'Basic block','438.0266092595463','491.6192711996905',NULL,NULL,0,'-5634.276242050955','-2183.7509211360775','698.4873866131952',NULL,NULL,NULL),(97,'asdf','181.67928743243047','461.74826607962','','',0,NULL,NULL,NULL,NULL,NULL,NULL),(98,'23','213.05761709609442','181.12503608253778','','',0,NULL,NULL,NULL,NULL,NULL,NULL),(101,'Not root','455.7266028589016','393.7732747885879','','',0,NULL,NULL,NULL,NULL,NULL,NULL),(103,'ffffffeee','620.1434389341558','504.7649461474462','','',0,NULL,NULL,NULL,NULL,NULL,NULL),(104,'lulkek','1033.4172749509523','624.2618774270801','','',0,NULL,NULL,NULL,NULL,NULL,NULL);
/*!40000 ALTER TABLE `attribute` ENABLE KEYS */;
UNLOCK TABLES;

--
-- Table structure for table `dimension`
--

DROP TABLE IF EXISTS `dimension`;
/*!40101 SET @saved_cs_client     = @@character_set_client */;
/*!40101 SET character_set_client = utf8 */;
CREATE TABLE `dimension` (
  `id_dimension` int(10) unsigned NOT NULL AUTO_INCREMENT,
  `text` varchar(50) NOT NULL,
  `x` varchar(50) DEFAULT NULL,
  `y` varchar(50) DEFAULT NULL,
  `xMajor` varchar(50) DEFAULT NULL,
  `yMajor` varchar(50) DEFAULT NULL,
  PRIMARY KEY (`id_dimension`),
  UNIQUE KEY `id_dimension_UNIQUE` (`id_dimension`)
) ENGINE=InnoDB AUTO_INCREMENT=5 DEFAULT CHARSET=utf8;
/*!40101 SET character_set_client = @saved_cs_client */;

--
-- Dumping data for table `dimension`
--

LOCK TABLES `dimension` WRITE;
/*!40000 ALTER TABLE `dimension` DISABLE KEYS */;
INSERT INTO `dimension` VALUES (1,'System view',NULL,NULL,'-883.326354221191','316.66419272766126'),(2,'Attack view','716.561118200023','234.38920434183237','10.4999375004885','-84.66600521350097'),(3,'Defense view',NULL,NULL,'-799.3272448392329','-328.6640989783934'),(4,'Interdimensional view',NULL,NULL,NULL,NULL);
/*!40000 ALTER TABLE `dimension` ENABLE KEYS */;
UNLOCK TABLES;

--
-- Table structure for table `mapping`
--

DROP TABLE IF EXISTS `mapping`;
/*!40101 SET @saved_cs_client     = @@character_set_client */;
/*!40101 SET character_set_client = utf8 */;
CREATE TABLE `mapping` (
  `id_mapping` int(10) unsigned NOT NULL AUTO_INCREMENT,
  `id_paper` int(11) NOT NULL,
  `id_attribute` int(11) NOT NULL,
  PRIMARY KEY (`id_mapping`),
  UNIQUE KEY `id_mapping_UNIQUE` (`id_mapping`)
) ENGINE=InnoDB AUTO_INCREMENT=678 DEFAULT CHARSET=utf8;
/*!40101 SET character_set_client = @saved_cs_client */;

--
-- Dumping data for table `mapping`
--

LOCK TABLES `mapping` WRITE;
/*!40000 ALTER TABLE `mapping` DISABLE KEYS */;
INSERT INTO `mapping` VALUES (1,1,2),(2,2,2),(3,3,2),(4,4,2),(5,5,2),(6,6,2),(7,7,2),(8,8,2),(9,9,2),(10,10,2),(11,11,2),(12,12,2),(13,13,2),(14,14,2),(15,15,2),(16,16,2),(17,17,2),(18,18,2),(19,19,2),(20,20,2),(21,21,2),(22,22,2),(23,23,2),(24,24,2),(25,25,2),(26,26,2),(27,27,2),(28,28,2),(29,29,2),(30,30,2),(31,31,2),(32,32,2),(33,33,2),(34,34,2),(35,35,2),(36,36,2),(37,37,2),(38,38,2),(39,39,2),(40,40,3),(41,4,3),(42,6,3),(43,41,3),(44,42,3),(45,14,3),(46,43,3),(47,44,3),(48,45,3),(49,46,3),(50,47,3),(51,4,4),(52,6,4),(53,14,4),(54,7,6),(55,11,6),(56,12,6),(57,13,6),(58,26,6),(59,46,6),(60,33,6),(61,37,6),(62,2,9),(63,3,9),(64,4,9),(65,6,9),(66,8,9),(67,14,9),(68,16,9),(69,17,9),(70,18,9),(71,24,9),(72,25,9),(73,27,9),(74,29,9),(75,32,9),(76,34,9),(77,36,9),(78,38,9),(79,39,9),(80,41,10),(81,42,10),(82,43,10),(83,19,10),(84,44,10),(85,45,10),(86,47,10),(87,1,11),(88,40,11),(89,5,11),(90,9,11),(91,20,11),(92,23,11),(93,28,11),(94,48,11),(95,49,11),(96,21,12),(97,22,12),(98,31,12),(99,35,12),(100,36,12),(101,30,13),(102,36,13),(103,1,15),(104,40,15),(105,5,15),(106,42,15),(107,2,16),(108,3,16),(109,8,16),(110,12,16),(111,16,16),(112,17,16),(113,20,16),(114,48,16),(115,38,16),(116,6,17),(117,11,17),(118,15,17),(119,43,17),(120,19,17),(121,44,17),(122,28,17),(123,31,17),(124,33,17),(125,34,17),(126,35,17),(127,36,17),(128,40,18),(129,41,18),(130,9,18),(131,18,18),(132,20,18),(133,24,18),(134,45,18),(135,29,18),(136,37,18),(137,4,19),(138,7,19),(139,10,19),(140,13,19),(141,14,19),(142,21,19),(143,22,19),(144,23,19),(145,25,19),(146,26,19),(147,27,19),(148,32,19),(149,46,19),(150,49,19),(151,47,19),(152,39,19),(153,40,21),(154,41,21),(155,42,21),(156,14,21),(157,19,21),(158,23,21),(159,44,21),(160,45,21),(161,28,21),(162,36,21),(163,9,22),(164,24,22),(165,37,22),(166,1,23),(167,2,23),(168,3,23),(169,4,23),(170,6,23),(171,7,23),(172,8,23),(173,10,23),(174,13,23),(175,15,23),(176,43,23),(177,16,23),(178,17,23),(179,18,23),(180,20,23),(181,21,23),(182,22,23),(183,25,23),(184,26,23),(185,27,23),(186,30,23),(187,31,23),(188,32,23),(189,48,23),(190,49,23),(191,33,23),(192,34,23),(193,35,23),(194,38,23),(195,39,23),(196,17,24),(197,11,25),(198,29,25),(218,7,28),(219,11,28),(220,12,28),(221,13,28),(222,26,28),(223,46,28),(224,37,28),(225,2,29),(226,3,29),(227,4,29),(228,6,29),(229,8,29),(230,14,29),(231,16,29),(232,17,29),(233,18,29),(234,21,29),(235,22,29),(236,24,29),(237,25,29),(238,27,29),(239,29,29),(240,32,29),(241,33,29),(242,34,29),(243,36,29),(244,38,29),(245,39,29),(246,40,30),(247,41,30),(248,42,30),(249,9,30),(250,43,30),(251,19,30),(252,44,30),(253,45,30),(254,47,30),(255,1,31),(256,40,31),(257,5,31),(258,9,31),(259,20,31),(260,23,31),(261,28,31),(262,30,31),(263,48,31),(264,49,31),(265,1,33),(266,2,33),(267,40,33),(268,3,33),(269,5,33),(270,6,33),(271,41,33),(272,42,33),(273,7,33),(274,8,33),(275,9,33),(276,10,33),(277,12,33),(278,14,33),(279,15,33),(280,16,33),(281,17,33),(282,18,33),(283,19,33),(284,20,33),(285,24,33),(286,25,33),(287,26,33),(288,27,33),(289,28,33),(290,29,33),(291,30,33),(292,32,33),(293,48,33),(294,49,33),(295,34,33),(296,36,33),(297,37,33),(298,38,33),(299,39,33),(300,4,34),(301,11,34),(302,13,34),(303,43,34),(304,21,34),(305,22,34),(306,23,34),(307,44,34),(308,45,34),(309,31,34),(310,46,34),(311,33,34),(312,35,34),(313,47,34),(314,1,36),(315,40,36),(316,5,36),(317,6,36),(318,41,36),(319,42,36),(320,9,36),(321,43,36),(322,19,36),(323,20,36),(324,21,36),(325,22,36),(326,23,36),(327,44,36),(328,45,36),(329,30,36),(330,31,36),(331,32,36),(332,48,36),(333,49,36),(334,35,36),(335,36,36),(336,47,36),(337,37,36),(338,2,37),(339,3,37),(340,4,37),(341,7,37),(342,8,37),(343,10,37),(344,12,37),(345,13,37),(346,14,37),(347,15,37),(348,16,37),(349,17,37),(350,18,37),(351,24,37),(352,25,37),(353,26,37),(354,27,37),(355,29,37),(356,46,37),(357,33,37),(358,34,37),(359,39,37),(360,1,39),(361,2,39),(362,40,39),(363,3,39),(364,4,39),(365,5,39),(366,6,39),(367,41,39),(368,42,39),(369,7,39),(370,8,39),(371,9,39),(372,10,39),(373,11,39),(374,12,39),(375,13,39),(376,14,39),(377,15,39),(378,43,39),(379,16,39),(380,17,39),(381,18,39),(382,19,39),(383,20,39),(384,21,39),(385,22,39),(386,24,39),(387,25,39),(388,44,39),(389,45,39),(390,26,39),(391,27,39),(392,28,39),(393,29,39),(394,30,39),(395,31,39),(396,32,39),(397,48,39),(398,49,39),(399,33,39),(400,34,39),(401,35,39),(402,36,39),(403,47,39),(404,37,39),(405,38,39),(406,39,39),(407,23,40),(408,46,40),(409,2,42),(410,40,42),(411,42,42),(412,7,42),(413,8,42),(414,9,42),(415,10,42),(416,12,42),(417,13,42),(418,14,42),(419,15,42),(420,43,42),(421,16,42),(422,17,42),(423,18,42),(424,19,42),(425,20,42),(426,25,42),(427,26,42),(428,28,42),(429,30,42),(430,31,42),(431,32,42),(432,46,42),(433,33,42),(434,34,42),(435,35,42),(436,36,42),(437,47,42),(438,37,42),(439,38,42),(440,39,42),(441,1,43),(442,3,43),(443,4,43),(444,5,43),(445,6,43),(446,41,43),(447,11,43),(448,21,43),(449,22,43),(450,23,43),(451,24,43),(452,44,43),(453,45,43),(454,27,43),(455,29,43),(456,48,43),(457,49,43),(458,2,45),(459,3,45),(460,8,45),(461,13,45),(462,14,45),(463,17,45),(464,18,45),(465,21,45),(466,22,45),(467,23,45),(468,24,45),(469,25,45),(470,27,45),(471,31,45),(472,32,45),(473,46,45),(474,34,45),(475,35,45),(476,38,45),(477,39,45),(478,2,46),(479,7,46),(480,23,46),(481,26,46),(482,27,46),(483,45,47),(484,30,47),(485,12,48),(486,43,48),(487,19,48),(488,23,48),(489,47,48),(490,40,49),(491,4,49),(492,6,49),(493,10,49),(494,49,49),(495,3,51),(496,8,51),(497,16,51),(498,17,51),(499,19,51),(500,11,52),(501,17,52),(502,29,52),(503,2,53),(504,40,53),(505,3,53),(506,29,53),(507,34,53),(508,38,53),(509,20,54),(510,28,54),(511,4,55),(512,6,55),(513,10,55),(514,14,55),(515,15,55),(516,16,55),(517,17,55),(518,24,55),(519,27,55),(520,32,55),(521,39,55),(522,6,56),(523,14,56),(524,23,56),(525,25,56),(526,45,56),(527,30,56),(528,32,56),(529,46,56),(530,33,56),(531,1,58),(532,4,58),(533,10,58),(534,11,58),(535,14,58),(536,16,58),(537,17,58),(538,45,58),(539,30,58),(540,32,58),(541,48,58),(542,49,58),(543,33,58),(544,35,58),(545,39,58),(546,40,59),(547,3,59),(548,15,59),(549,22,59),(550,23,59),(551,29,59),(552,38,59),(553,6,60),(554,8,60),(555,20,60),(556,21,60),(557,44,60),(558,34,60),(559,37,60),(560,2,61),(561,5,61),(562,41,61),(563,42,61),(564,7,61),(565,9,61),(566,12,61),(567,13,61),(568,43,61),(569,18,61),(570,19,61),(571,24,61),(572,26,61),(573,27,61),(574,28,61),(575,31,61),(576,46,61),(577,36,61),(578,47,61),(579,14,63),(580,25,63),(581,45,63),(582,30,63),(583,46,63),(584,33,63),(585,4,64),(586,6,65),(587,32,65),(588,1,66),(589,2,66),(590,40,66),(591,3,66),(592,5,66),(593,41,66),(594,42,66),(595,7,66),(596,8,66),(597,9,66),(598,10,66),(599,11,66),(600,12,66),(601,13,66),(602,15,66),(603,43,66),(604,16,66),(605,17,66),(606,18,66),(607,19,66),(608,20,66),(609,21,66),(610,22,66),(611,23,66),(612,24,66),(613,44,66),(614,26,66),(615,27,66),(616,28,66),(617,29,66),(618,31,66),(619,48,66),(620,49,66),(621,34,66),(622,35,66),(623,36,66),(624,47,66),(625,37,66),(626,38,66),(627,39,66),(628,1,68),(629,2,68),(630,40,68),(631,3,68),(632,41,68),(633,42,68),(634,8,68),(635,9,68),(636,12,68),(637,16,68),(638,17,68),(639,18,68),(640,19,68),(641,20,68),(642,23,68),(643,24,68),(644,28,68),(645,29,68),(646,30,68),(647,48,68),(648,34,68),(649,37,68),(650,38,68),(651,4,69),(652,5,69),(653,7,69),(654,11,69),(655,13,69),(656,43,69),(657,21,69),(658,22,69),(659,25,69),(660,44,69),(661,45,69),(662,26,69),(663,27,69),(664,31,69),(665,46,69),(666,49,69),(667,35,69),(668,36,69),(669,47,69),(670,39,69),(671,6,70),(672,10,70),(673,14,70),(674,15,70),(675,32,70),(676,33,70),(677,39,70);
/*!40000 ALTER TABLE `mapping` ENABLE KEYS */;
UNLOCK TABLES;

--
-- Table structure for table `paper`
--

DROP TABLE IF EXISTS `paper`;
/*!40101 SET @saved_cs_client     = @@character_set_client */;
/*!40101 SET character_set_client = utf8 */;
CREATE TABLE `paper` (
  `id_paper` int(10) unsigned NOT NULL AUTO_INCREMENT,
  `citation` varchar(100) NOT NULL,
  `bib` mediumtext,
  `referenceCount` int(20) DEFAULT '0',
  PRIMARY KEY (`id_paper`),
  UNIQUE KEY `id_paper_UNIQUE` (`id_paper`)
) ENGINE=InnoDB AUTO_INCREMENT=50 DEFAULT CHARSET=utf8;
/*!40101 SET character_set_client = @saved_cs_client */;

--
-- Dumping data for table `paper`
--

LOCK TABLES `paper` WRITE;
/*!40000 ALTER TABLE `paper` DISABLE KEYS */;
INSERT INTO `paper` VALUES (1,'abadi2005control','{\"author\": \"Abadi, Mart{\\\\\'\\\\i}n and Budiu, Mihai and Erlingsson, Ulfar and Ligatti, Jay\", \"booktitle\": \"Proceedings of the 12th ACM conference on Computer and communications security\", \"title\": \"Control-flow integrity\", \"ENTRYTYPE\": \"inproceedings\", \"year\": \"2005\", \"organization\": \"ACM\", \"ID\": \"abadi2005control\", \"pages\": \"340--353\"}',1),(2,'aucsmith1996tamper','{\"isbn\": \"3-540-61996-8\", \"title\": \"Tamper resistant software: An implementation\", \"journal\": \"Proceedings of the First International Workshop on Information Hiding\", \"author\": \"Aucsmith, David\", \"ENTRYTYPE\": \"article\", \"mendeley-groups\": \"Tamperproofing,Tamperproofing/Methods\", \"link\": \"http://link.springer.com/chapter/10.1007/3-540-61996-8{\\\\_}49\", \"year\": \"1996\", \"ID\": \"aucsmith1996tamper\", \"pages\": \"317--333\"}',2),(3,'banescu2017detecting','{\"doi\": \"10.1145/3029806.3029835\", \"isbn\": \"978-1-4503-4523-1/17/03\", \"title\": \"Detecting Patching of Executables without System Calls\", \"booktitle\": \"Proceedings of the Conference on Data and Application Security and Privacy\", \"author\": \"Banescu, Sebastian and Ahmadvand, Mohsen and Pretschner, Alexander and Shield, Robert and Hamilton, Chris\", \"ID\": \"banescu2017detecting\", \"year\": \"2017\", \"ENTRYTYPE\": \"inproceedings\"}',3),(4,'baumann2015shielding','{\"publisher\": \"ACM\", \"author\": \"Baumann, Andrew and Peinado, Marcus and Hunt, Galen\", \"journal\": \"ACM Transactions on Computer Systems (TOCS)\", \"title\": \"Shielding applications from an untrusted cloud with haven\", \"number\": \"3\", \"ENTRYTYPE\": \"article\", \"volume\": \"33\", \"year\": \"2015\", \"ID\": \"baumann2015shielding\", \"pages\": \"8\"}',4),(5,'Blietz2006','{\"doi\": \"10.1007/11787952_12\", \"isbn\": \"3540359982\", \"author\": \"Blietz, Brian and Tyagi, Akhilesh\", \"journal\": \"Lecture Notes in Computer Science (including subseries Lecture Notes in Artificial Intelligence and Lecture Notes in Bioinformatics)\", \"issn\": \"16113349\", \"ENTRYTYPE\": \"article\", \"volume\": \"3919 LNCS\", \"mendeley-groups\": \"Tamperproofing/Methods\", \"file\": \":Users/mohsen-tum/Documents/Mendeley Desktop/Blietz, Tyagi/Lecture Notes in Computer Science (including subseries Lecture Notes in Artificial Intelligence and Lecture Notes in Bioinformatics)/Blietz, Tyagi - 2006 - Software tamper resistance through dynamic program monitoring.pdf:pdf\", \"year\": \"2006\", \"title\": \"Software tamper resistance through dynamic program monitoring\", \"ID\": \"Blietz2006\", \"pages\": \"146--163\"}',5),(6,'brasser2015tytan','{\"author\": \"Brasser, Ferdinand and El Mahjoub, Brahim and Sadeghi, Ahmad-Reza and Wachsmann, Christian and Koeberl, Patrick\", \"booktitle\": \"2015 52nd ACM/EDAC/IEEE Design Automation Conference (DAC)\", \"title\": \"TyTAN: tiny trust anchor for tiny devices\", \"ENTRYTYPE\": \"inproceedings\", \"year\": \"2015\", \"organization\": \"IEEE\", \"ID\": \"brasser2015tytan\", \"pages\": \"1--6\"}',6),(7,'catuogno2002format','{\"author\": \"Catuogno, Luigi and Visconti, Ivan\", \"booktitle\": \"International Conference on Security in Communication Networks\", \"title\": \"A format-independent architecture for run-time integrity checking of executable code\", \"ENTRYTYPE\": \"inproceedings\", \"year\": \"2002\", \"organization\": \"Springer\", \"ID\": \"catuogno2002format\", \"pages\": \"219--233\"}',7),(8,'chang2001protecting','{\"author\": \"Chang, Hoi and Atallah, Mikhail J\", \"booktitle\": \"ACM Workshop on Digital Rights Management\", \"title\": \"Protecting software code by guards\", \"ENTRYTYPE\": \"inproceedings\", \"year\": \"2001\", \"organization\": \"Springer\", \"ID\": \"chang2001protecting\", \"pages\": \"160--175\"}',8),(9,'chen2002oblivious','{\"author\": \"Chen, Yuqun and Venkatesan, Ramarathnam and Cary, Matthew and Pang, Ruoming and Sinha, Saurabh and Jakubowski, Mariusz H\", \"booktitle\": \"International Workshop on Information Hiding\", \"title\": \"Oblivious hashing: A stealthy software integrity verification primitive\", \"ENTRYTYPE\": \"inproceedings\", \"year\": \"2002\", \"organization\": \"Springer\", \"ID\": \"chen2002oblivious\", \"pages\": \"400--414\"}',9),(10,'christodorescu2009cloud','{\"author\": \"Christodorescu, Mihai and Sailer, Reiner and Schales, Douglas Lee and Sgandurra, Daniele and Zamboni, Diego\", \"booktitle\": \"Proceedings of the 2009 ACM workshop on Cloud computing security\", \"title\": \"Cloud security is not (just) virtualization security: a short paper\", \"ENTRYTYPE\": \"inproceedings\", \"year\": \"2009\", \"organization\": \"ACM\", \"ID\": \"christodorescu2009cloud\", \"pages\": \"97--102\"}',10),(11,'collberg2012distributed','{\"author\": \"Collberg, Christian and Martin, Sam and Myers, Jonathan and Nagra, Jasvir\", \"booktitle\": \"Proceedings of the 28th Annual Computer Security Applications Conference\", \"title\": \"Distributed application tamper detection via continuous software updates\", \"ENTRYTYPE\": \"inproceedings\", \"year\": \"2012\", \"organization\": \"ACM\", \"ID\": \"collberg2012distributed\", \"pages\": \"319--328\"}',11),(12,'dedic2007graph','{\"author\": \"Dedi{\\\\\'c}, Nenad and Jakubowski, Mariusz and Venkatesan, Ramarathnam\", \"booktitle\": \"International Workshop on Information Hiding\", \"title\": \"A graph game model for software tamper protection\", \"ENTRYTYPE\": \"inproceedings\", \"year\": \"2007\", \"organization\": \"Springer\", \"ID\": \"dedic2007graph\", \"pages\": \"80--95\"}',12),(13,'deswarte2004remote','{\"publisher\": \"Springer\", \"author\": \"Deswarte, Yves and Quisquater, Jean-Jacques and Sa{\\\\\\\"\\\\i}dane, Ayda\", \"booktitle\": \"Integrity and internal control in information systems VI\", \"title\": \"Remote integrity checking\", \"ENTRYTYPE\": \"incollection\", \"year\": \"2004\", \"ID\": \"deswarte2004remote\", \"pages\": \"1--11\"}',13),(14,'dewan2008hypervisor','{\"author\": \"Dewan, Prashant and Durham, David and Khosravi, Hormuzd and Long, Men and Nagabhushan, Gayathri\", \"booktitle\": \"Proceedings of the 2008 Spring simulation multiconference\", \"title\": \"A hypervisor-based system for protecting software runtime memory and persistent storage\", \"ENTRYTYPE\": \"inproceedings\", \"year\": \"2008\", \"organization\": \"Society for Computer Simulation International\", \"ID\": \"dewan2008hypervisor\", \"pages\": \"828--835\"}',14),(15,'Gan2015using','{\"doi\": \"10.1109/SPRO.2015.12\", \"title\": \"Using Virtual Machine Protections to Enhance Whitebox Cryptography\", \"booktitle\": \"Software Protection (SPRO), 2015 IEEE/ACM 1st International Workshop on\", \"author\": \"J. Gan and R. Kok and P. Kohli and Y. Ding and B. Mah\", \"ENTRYTYPE\": \"inproceedings\", \"year\": \"2015\", \"ID\": \"Gan2015using\", \"pages\": \"17-23\"}',15),(16,'Ghosh2010secure','{\"isbn\": \"364216434X\", \"author\": \"Ghosh, Sudeep and Hiser, Jason D. and Davidson, Jack W.\", \"journal\": \"Lecture Notes in Computer Science (including subseries Lecture Notes in Artificial Intelligence and Lecture Notes in Bioinformatics)\", \"issn\": \"03029743\", \"ENTRYTYPE\": \"article\", \"volume\": \"6387 LNCS\", \"mendeley-groups\": \"Tamperproofing\", \"year\": \"2010\", \"title\": \"A secure and robust approach to software tamper resistance\", \"ID\": \"Ghosh2010secure\", \"pages\": \"33--47\"}',16),(17,'ghosh2013software','{\"author\": \"Ghosh, Sudeep and Hiser, Jason and Davidson, Jack W\", \"booktitle\": \"Proceedings of the 2nd ACM SIGPLAN Program Protection and Reverse Engineering Workshop\", \"title\": \"Software protection for dynamically-generated code\", \"ENTRYTYPE\": \"inproceedings\", \"year\": \"2013\", \"organization\": \"ACM\", \"ID\": \"ghosh2013software\", \"pages\": \"1\"}',17),(18,'Horne2002','{\"doi\": \"10.1007/3-540-47870-1_9\", \"isbn\": \"978-3-540-43677-5\", \"author\": \"Horne, Bill and Matheson, Lesley and Sheehan, Casey and Tarjan, Robert\", \"ENTRYTYPE\": \"article\", \"abstract\": \"We describe a software self-checking mechanism designed to improve the tamper resistance of large programs. The mechanism consists of a number of testers that redundantly test for changes in the executable code as it is running and report modifications. The mechanism is built to be compatible with copy-specific static watermarking and other tamper-resistance techniques. The mechanism includes several innovations to make it stealthy and more robust.\", \"title\": \"Dynamic Self-Checking Techniques for Improved Tamper Resistance\", \"pages\": \"141--159\", \"mendeley-groups\": \"Tamperproofing/Methods,Tamperproofing\", \"link\": \"http://citeseerx.ist.psu.edu/viewdoc/summary?doi=10.1.1.13.3308\", \"file\": \":Users/mohsen-tum/Documents/Mendeley Desktop/Horne et al/Security and Privacy in Digital Rights Management/Horne et al. - 2002 - Dynamic Self-Checking Techniques for Improved Tamper Resistance.pdf:pdf\", \"year\": \"2002\", \"ID\": \"Horne2002\", \"annote\": \"They add testers in the post compilation process.\\nLinear checks no circular\\nTo avoid complexity, a block is checked only by one block\\nA 32bit space is added outside basic blocks as corrector that tries to fix the hash values in patch process. The patch process is part of sofware watermarking after-installation process\\nDid not quite get it where do they store hashes? They say we store them but not clear where?!\\nNo inidication of how Address space layout randomization is respected.\", \"journal\": \"Security and Privacy in Digital Rights Management\"}',18),(19,'ibrahim2016stins4cs','{\"author\": \"Ibrahim, Amjad and Banescu, Sebastian\", \"booktitle\": \"Proceedings of the 2016 ACM Workshop on Software PROtection\", \"title\": \"StIns4CS: A State Inspection Tool for C\", \"ENTRYTYPE\": \"inproceedings\", \"year\": \"2016\", \"organization\": \"ACM\", \"ID\": \"ibrahim2016stins4cs\", \"pages\": \"61--71\"}',19),(20,'jacob2007towards','{\"author\": \"Jacob, Matthias and Jakubowski, Mariusz H and Venkatesan, Ramarathnam\", \"booktitle\": \"Proceedings of the 9th workshop on Multimedia \\\\& security\", \"title\": \"Towards integral binary execution: Implementing oblivious hashing using overlapped instruction encodings\", \"ENTRYTYPE\": \"inproceedings\", \"year\": \"2007\", \"organization\": \"ACM\", \"ID\": \"jacob2007towards\", \"pages\": \"129--140\"}',20),(21,'jakobsson2010retroactive','{\"numpages\": \"13\", \"publisher\": \"USENIX Association\", \"title\": \"Retroactive Detection of Malware with Applications to Mobile Platforms\", \"series\": \"HotSec\'10\", \"booktitle\": \"Proceedings of the 5th USENIX Conference on Hot Topics in Security\", \"author\": \"Jakobsson, Markus and Johansson, Karl-Anders\", \"ENTRYTYPE\": \"inproceedings\", \"location\": \"Washinton, DC\", \"year\": \"2010\", \"ID\": \"jakobsson2010retroactive\", \"pages\": \"1--13\", \"address\": \"Berkeley, CA, USA\"}',21),(22,'jakobsson2011practical','{\"author\": \"Jakobsson, Markus and Johansson, Karl-Anders\", \"booktitle\": \"Lightweight Security \\\\& Privacy: Devices, Protocols and Applications (LightSec), 2011 Workshop on\", \"title\": \"Practical and secure software-based attestation\", \"ENTRYTYPE\": \"inproceedings\", \"year\": \"2011\", \"organization\": \"IEEE\", \"ID\": \"jakobsson2011practical\", \"pages\": \"1--9\"}',22),(23,'jin2003forensic','{\"author\": \"Jin, Hongxia and Lotspiech, Jeffery\", \"booktitle\": \"Software Reliability Engineering, 2003. ISSRE 2003. 14th International Symposium on\", \"title\": \"Forensic analysis for tamper resistant software\", \"ENTRYTYPE\": \"inproceedings\", \"year\": \"2003\", \"organization\": \"IEEE\", \"ID\": \"jin2003forensic\", \"pages\": \"133--142\"}',23),(24,'junod2015obfuscator','{\"author\": \"Junod, Pascal and Rinaldini, Julien and Wehrli, Johan and Michielin, Julie\", \"booktitle\": \"Proceedings of the 1st International Workshop on Software Protection\", \"title\": \"Obfuscator-LLVM: software protection for the masses\", \"ENTRYTYPE\": \"inproceedings\", \"year\": \"2015\", \"organization\": \"IEEE Press\", \"ID\": \"junod2015obfuscator\", \"pages\": \"3--9\"}',24),(25,'kanstren2015architecture','{\"author\": \"Kanstr{\\\\\'e}n, Teemu and Lehtonen, Sami and Savola, Reijo and Kukkohovi, Hilkka and H{\\\\\\\"a}t{\\\\\\\"o}nen, Kimmo\", \"booktitle\": \"Cloud Engineering (IC2E), 2015 IEEE International Conference on\", \"title\": \"Architecture for high confidence cloud security monitoring\", \"ENTRYTYPE\": \"inproceedings\", \"year\": \"2015\", \"organization\": \"IEEE\", \"ID\": \"kanstren2015architecture\", \"pages\": \"195--200\"}',25),(26,'kim1994experiences','{\"ID\": \"kim1994experiences\", \"author\": \"Kim, Gene H and Spafford, Eugene H\", \"year\": \"1994\", \"ENTRYTYPE\": \"article\", \"title\": \"Experiences with tripwire: Using integrity checkers for intrusion detection\"}',26),(27,'kimball2012emulation','{\"publisher\": \"Google Patents\", \"author\": \"Kimball, William B and Baldwin, Rusty O\", \"title\": \"Emulation-based software protection\", \"month\": \"oct~9\", \"note\": \"US Patent 8,285,987\", \"year\": \"2012\", \"ID\": \"kimball2012emulation\", \"ENTRYTYPE\": \"misc\"}',27),(28,'kulkarni2014new','{\"author\": \"Kulkarni, Aniket and Metta, Ravindra\", \"booktitle\": \"Service Oriented System Engineering (SOSE), 2014 IEEE 8th International Symposium on\", \"title\": \"A New Code Obfuscation Scheme for Software Protection\", \"ENTRYTYPE\": \"inproceedings\", \"year\": \"2014\", \"organization\": \"IEEE\", \"ID\": \"kulkarni2014new\", \"pages\": \"409--414\"}',28),(29,'madou2005software','{\"author\": \"Madou, Matias and Anckaert, Bertrand and Moseley, Patrick and Debray, Saumya and De Sutter, Bjorn and De Bosschere, Koen\", \"booktitle\": \"International Workshop on Information Security Applications\", \"title\": \"Software protection through dynamic code mutation\", \"ENTRYTYPE\": \"inproceedings\", \"year\": \"2005\", \"organization\": \"Springer\", \"ID\": \"madou2005software\", \"pages\": \"194--206\"}',29),(30,'Malone2011','{\"doi\": \"10.1145/2046582.2046596\", \"isbn\": \"9781450310017\", \"keyword\": \"hardware performance counters,integrity\", \"author\": \"Malone, Corey and Zahran, Mohamed and Karri, Ramesh\", \"journal\": \"Proceedings of the sixth ACM workshop on Scalable trusted computing - STC \'11\", \"issn\": \"15437221\", \"ENTRYTYPE\": \"article\", \"mendeley-groups\": \"Tamperproofing/Methods\", \"link\": \"http://www.scopus.com/inward/record.url?eid=2-s2.0-80755143408{\\\\&}partnerID=40{\\\\&}md5=ad5db1f8e5c0131a2a17f457ba1b0497$\\\\backslash$nhttp://dl.acm.org/citation.cfm?doid=2046582.2046596\", \"file\": \":Users/mohsen-tum/Documents/Mendeley Desktop/Malone, Zahran, Karri/Proceedings of the sixth ACM workshop on Scalable trusted computing - STC \'11/Malone, Zahran, Karri - 2011 - Are Hardware Performance Counters a Cost Effective Way for Integrity Checking of Programs.pdf:pdf\", \"year\": \"2011\", \"title\": \"Are Hardware Performance Counters a Cost Effective Way for Integrity Checking of Programs\", \"ID\": \"Malone2011\", \"pages\": \"71\"}',30),(31,'Martignoni2010conquer','{\"doi\": \"10.1007/978-3-642-14215-4_2\", \"title\": \"Conqueror: Tamper-proof code execution on legacy systems\", \"journal\": \"Lecture Notes in Computer Science (including subseries Lecture Notes in Artificial Intelligence and Lecture Notes in Bioinformatics)\", \"author\": \"Martignoni, Lorenzo and Paleari, Roberto and Bruschi, Danilo\", \"ENTRYTYPE\": \"article\", \"volume\": \"6201 LNCS\", \"year\": \"2010\", \"ID\": \"Martignoni2010conquer\", \"pages\": \"21--40\"}',31),(32,'morgan2015design','{\"author\": \"Morgan, Beno{\\\\^\\\\i}t and Alata, Eric and Nicomette, Vincent and Ka{\\\\^a}niche, Mohamed and Averlant, Guillaume\", \"booktitle\": \"Dependable Computing (PRDC), 2015 IEEE 21st Pacific Rim International Symposium on\", \"title\": \"Design and implementation of a hardware assisted security architecture for software integrity monitoring\", \"ENTRYTYPE\": \"inproceedings\", \"year\": \"2015\", \"organization\": \"IEEE\", \"ID\": \"morgan2015design\", \"pages\": \"189--198\"}',32),(33,'park2015tgvisor','{\"author\": \"Park, Sungjin and Yoon, Jae Nam and Kang, Cheoloh and Kim, Kyong Hoon and Han, Taisook\", \"booktitle\": \"Mobile Cloud Computing, Services, and Engineering (MobileCloud), 2015 3rd IEEE International Conference on\", \"title\": \"TGVisor: A Tiny Hypervisor-Based Trusted Geolocation Framework for Mobile Cloud Clients\", \"ENTRYTYPE\": \"inproceedings\", \"year\": \"2015\", \"organization\": \"IEEE\", \"ID\": \"park2015tgvisor\", \"pages\": \"99--108\"}',33),(34,'Protsenko2015dynamic','{\"doi\": \"10.1109/ARES.2015.98\", \"keyword\": \"Android (operating system);computer crime;cryptography;mobile computing;reverse engineering;Android apps;application piracy;dynamic code loading;dynamic obfuscation techniques;dynamic re-encryption;dynamic self-protection;mobile devices;native code;proprietary mobile software;reverse engineering;tamperproofing;Androids;Encryption;Humanoid robots;Loading;Runtime;Software protection;Android;Software Protection\", \"title\": \"Dynamic Self-Protection and Tamperproofing for Android Apps Using Native Code\", \"booktitle\": \"Availability, Reliability and Security (ARES), 2015 10th International Conference on\", \"author\": \"M. Protsenko and S. Kreuter and T. M\\u00fcller\", \"ENTRYTYPE\": \"inproceedings\", \"year\": \"2015\", \"ID\": \"Protsenko2015dynamic\", \"pages\": \"129-138\"}',34),(35,'Seshadri2005pioneer','{\"doi\": \"10.1145/1095809.1095812\", \"isbn\": \"1-59593-079-5\", \"keyword\": \"dynamic root of trust,rootkit detection,self-check-summing code,software-based code attestation,verifiable code execution\", \"author\": \"Seshadri, Arvind and Luk, Mark and Shi, Elaine and Perrig, Adrian and van Doorn, Leendert and Khosla, Pradeep\", \"journal\": \"ACM SIGOPS Operating Systems Review\", \"issn\": \"01635980\", \"ID\": \"Seshadri2005pioneer\", \"mendeley-groups\": \"Tamperproofing\", \"link\": \"http://dl.acm.org/citation.cfm?id=1095809.1095812\", \"year\": \"2005\", \"title\": \"Pioneer: Verifying Code Integrity and Enforcing Untampered Code Execution on Legacy Systems\", \"ENTRYTYPE\": \"article\"}',35),(36,'Spinellis2000','{\"doi\": \"10.1145/353323.353383\", \"isbn\": \"1094-9224\", \"author\": \"Spinellis, Diomidis\", \"ENTRYTYPE\": \"article\", \"abstract\": \"The integrity verification of a device\'s controlling software is an important aspect of many emerging information appliances. We propose the use of reflection, whereby the software is able to examine its own operation, in conjunction with cryptographic hashes as a basis for developing a suitable software verification protocol. For more demanding applications meta-reflective techniques can be used to thwart attacks based on device emulation strategies. We demonstrate how our approach can be used to increase the security of mobile phones, devices for the delivery of digital content, and smartcards.\", \"issn\": \"10949224\", \"number\": \"1\", \"pages\": \"51--62\", \"volume\": \"3\", \"mendeley-groups\": \"Tamperproofing/Methods\", \"file\": \":Users/mohsen-tum/Documents/Mendeley Desktop/Spinellis/ACM Transactions on Information and System Security/Spinellis - 2000 - Reflection as a mechanism for software integrity verification.pdf:pdf\", \"year\": \"2000\", \"title\": \"Reflection as a mechanism for software integrity verification\", \"ID\": \"Spinellis2000\", \"annote\": \"In this approach a software integrity is verified with the help of an external (trusted) entity. Here, the program state is retrieved using reflection, a protocol is proposed to verify the state, and suggested to augment the scheme with CPU perfor.mance counter, before and after the verification call loops.\\nOne obvious attack is to keep an untouched version of the application in the memory next to the tampered with version. Then redirect all hash computations to the good version. The authors, suggest memory expanion and timing as possible countermeasures.\", \"journal\": \"ACM Transactions on Information and System Security\"}',36),(37,'teixeira2015siot','{\"author\": \"Teixeira, Fernando A and Machado, Gustavo V and Pereira, Fernando MQ and Wong, Hao Chi and Nogueira, Jos{\\\\\'e} and Oliveira, Leonardo B\", \"booktitle\": \"Proceedings of the 14th International Conference on Information Processing in Sensor Networks\", \"title\": \"SIoT: securing the internet of things through distributed system analysis\", \"ENTRYTYPE\": \"inproceedings\", \"year\": \"2015\", \"organization\": \"ACM\", \"ID\": \"teixeira2015siot\", \"pages\": \"310--321\"}',37),(38,'Wang2005Tamper','{\"isbn\": \"8242866627\", \"keyword\": \"integrity checking,multi-blocking encryption,software piracy,tamper resistant\", \"title\": \"Tamper Resistant Software Through Dynamic Integrity Checking\", \"journal\": \"Proc. Symp. on Cyptography and Information Security (SCIS 05)\", \"author\": \"Wang, Ping and Kang, Seok-kyu and Kim, Kwangjo\", \"ID\": \"Wang2005Tamper\", \"year\": \"2005\", \"ENTRYTYPE\": \"article\"}',38),(39,'yao2014cryptvmi','{\"author\": \"Yao, Fangzhou and Sprabery, Read and Campbell, Roy H\", \"booktitle\": \"Proceedings of the 2nd international workshop on Security in cloud computing\", \"title\": \"CryptVMI: a flexible and encrypted virtual machine introspection system in the cloud\", \"ENTRYTYPE\": \"inproceedings\", \"year\": \"2014\", \"organization\": \"ACM\", \"ID\": \"yao2014cryptvmi\", \"pages\": \"11--18\"}',39),(40,'banescu2015software','{\"author\": \"Banescu, Sebastian and Pretschner, Alexander and Battr{\\\\\'e}, Dominic and Cazzulani, St{\\\\\'e}fano and Shield, Robert and Thompson, Greg\", \"booktitle\": \"Proceedings of the 5th ACM Conference on Data and Application Security and Privacy\", \"title\": \"Software-based protection against changeware\", \"ENTRYTYPE\": \"inproceedings\", \"year\": \"2015\", \"organization\": \"ACM\", \"ID\": \"banescu2015software\", \"pages\": \"231--242\"}',40),(41,'Carbone2009','{\"isbn\": \"9781605583525\", \"author\": \"Carbone, Martim and Cui, Weidong and Peinado, Marcus and Lu, Long and Lee, Wenke\", \"journal\": \"Analysis\", \"title\": \"Mapping Kernel Objects to Enable Systematic Integrity Checking\", \"ENTRYTYPE\": \"article\", \"mendeley-groups\": \"Tamperproofing/Methods\", \"file\": \":Users/mohsen-tum/Documents/Mendeley Desktop/Carbone et al/Analysis/Carbone et al. - 2009 - Mapping Kernel Objects to Enable Systematic Integrity Checking.pdf:pdf\", \"year\": \"2009\", \"ID\": \"Carbone2009\", \"pages\": \"555--565\"}',41),(42,'Castro2006','{\"isbn\": \"1-931971-47-1\", \"author\": \"Castro, Miguel and Costa, Manuel and Harris, Tim\", \"ENTRYTYPE\": \"article\", \"abstract\": \"Software attacks often subvert the intended data-flow in a vulnerable program. For example, attackers exploit buffer overflows and format string vulnerabilities to write data to unintended locations. We present a simple technique that prevents these attacks by enforcing data-flow integrity. It computes a data-flow graph using static analysis, and it instruments the program to ensure that the flow of data at runtime is allowed by the data-flow graph. We describe an efficient implementation of data-flow integrity enforcement that uses static analysis to reduce instrumentation overhead. This implementation can be used in practice to detect a broad class of attacks and errors because it can be applied automatically to C and C++ programs without modifications, it does not have false positives, and it has low overhead.\", \"title\": \"Securing software by enforcing data-flow integrity\", \"pages\": \"147--160\", \"mendeley-groups\": \"Tamperproofing/Methods\", \"link\": \"http://dl.acm.org/citation.cfm?id=1298455.1298470$\\\\backslash$nhttp://www.usenix.org/event/osdi06/tech/full{\\\\_}papers/castro/castro{\\\\_}html/\", \"file\": \":Users/mohsen-tum/Documents/Mendeley Desktop/Castro, Costa, Harris/Proceedings of the 7th symposium on Operating systems design and implementation/Castro, Costa, Harris - 2006 - Securing software by enforcing data-flow integrity.pdf:pdf\", \"year\": \"2006\", \"ID\": \"Castro2006\", \"journal\": \"Proceedings of the 7th symposium on Operating systems design and implementation\"}',42),(43,'gao2015integrity','{\"doi\": \"10.1109/ICAC.2015.34\", \"keyword\": \"Big Data;cloud computing;data integrity;data privacy;Big Data processing;cloud computing technology;dynamic redundancy computation;integrity protection solution;reputation based redundancy computation;Conferences;MapReduce;cloud computing;integrity protection\", \"title\": \"Integrity Protection for Big Data Processing with Dynamic Redundancy Computation\", \"booktitle\": \"Autonomic Computing (ICAC), 2015 IEEE International Conference on\", \"author\": \"Z. Gao and N. Desalvo and P. D. Khoa and S. H. Kim and L. Xu and W. W. Ro and R. M. Verma and W. Shi\", \"ENTRYTYPE\": \"inproceedings\", \"year\": \"2015\", \"ID\": \"gao2015integrity\", \"pages\": \"159-160\"}',43),(44,'karapanos2016verena','{\"author\": \"Karapanos, Nikolaos and Filios, Alexandros and Popa, Raluca Ada and Capkun, Srdjan\", \"booktitle\": \"Proceedings of the 37th IEEE Symposium on Security and Privacy (IEEE S\\\\&P)\", \"title\": \"Verena: End-to-end integrity protection for web applications\", \"ID\": \"karapanos2016verena\", \"year\": \"2016\", \"ENTRYTYPE\": \"inproceedings\"}',44),(45,'Kil2009','{\"isbn\": \"9781424444212\", \"keyword\": \"dynamic attestation,integrity,remote attestation,runtime,system security,trusted computing\", \"author\": \"Kil, Chongkyung\", \"journal\": \"IEEE/IFIP International Conference on Dependable Systems {\\\\&} Networks\", \"title\": \"Remote Attestation to Dynamic System Properties: Towards Providing Complete System Integrity Evidence\", \"ENTRYTYPE\": \"article\", \"mendeley-groups\": \"Tamperproofing\", \"file\": \":Users/mohsen-tum/Documents/Mendeley Desktop/Kil/IEEEIFIP International Conference on Dependable Systems {\\\\&} Networks/Kil - 2009 - Remote Attestation to Dynamic System Properties Towards Providing Complete System Integrity Evidence.pdf:pdf\", \"year\": \"2009\", \"ID\": \"Kil2009\", \"pages\": \"115--124\"}',45),(46,'neisse2011implementing','{\"author\": \"Neisse, Ricardo and Holling, Dominik and Pretschner, Alexander\", \"booktitle\": \"Proceedings of the 2011 11th IEEE/ACM International Symposium on Cluster, Cloud and Grid Computing\", \"title\": \"Implementing trust in cloud infrastructures\", \"ENTRYTYPE\": \"inproceedings\", \"year\": \"2011\", \"organization\": \"IEEE Computer Society\", \"ID\": \"neisse2011implementing\", \"pages\": \"524--533\"}',46),(47,'sun2015security','{\"author\": \"Sun, Yuqiong and Nanda, Susanta and Jaeger, Trent\", \"booktitle\": \"2015 IEEE 7th International Conference on Cloud Computing Technology and Science (CloudCom)\", \"title\": \"Security-as-a-Service for Microservices-Based Cloud Applications\", \"ENTRYTYPE\": \"inproceedings\", \"year\": \"2015\", \"organization\": \"IEEE\", \"ID\": \"sun2015security\", \"pages\": \"50--57\"}',47),(48,'pappas2012smashing','{\"author\": \"Pappas, Vasilis and Polychronakis, Michalis and Keromytis, Angelos D\", \"booktitle\": \"2012 IEEE Symposium on Security and Privacy\", \"title\": \"Smashing the gadgets: Hindering return-oriented programming using in-place code randomization\", \"ENTRYTYPE\": \"inproceedings\", \"year\": \"2012\", \"organization\": \"IEEE\", \"ID\": \"pappas2012smashing\", \"pages\": \"601--615\"}',48),(49,'pappas2013transparent','{\"author\": \"Pappas, Vasilis and Polychronakis, Michalis and Keromytis, Angelos D\", \"booktitle\": \"Presented as part of the 22nd USENIX Security Symposium (USENIX Security 13)\", \"title\": \"Transparent ROP exploit mitigation using indirect branch tracing\", \"pages\": \"447--462\", \"year\": \"2013\", \"ID\": \"pappas2013transparent\", \"ENTRYTYPE\": \"inproceedings\"}',49);
/*!40000 ALTER TABLE `paper` ENABLE KEYS */;
UNLOCK TABLES;

--
-- Temporary view structure for view `paper_merged_attributes`
--

DROP TABLE IF EXISTS `paper_merged_attributes`;
/*!50001 DROP VIEW IF EXISTS `paper_merged_attributes`*/;
SET @saved_cs_client     = @@character_set_client;
SET character_set_client = utf8;
/*!50001 CREATE VIEW `paper_merged_attributes` AS SELECT 
 1 AS `id_taxonomy`,
 1 AS `id_paper`,
 1 AS `citation`,
 1 AS `bib`,
 1 AS `atts`,
 1 AS `leaf_atts`*/;
SET character_set_client = @saved_cs_client;

--
-- Table structure for table `relation`
--

DROP TABLE IF EXISTS `relation`;
/*!40101 SET @saved_cs_client     = @@character_set_client */;
/*!40101 SET character_set_client = utf8 */;
CREATE TABLE `relation` (
  `id_relation` int(10) unsigned NOT NULL AUTO_INCREMENT,
  `text` varchar(50) NOT NULL,
  `comment` varchar(500) DEFAULT NULL,
  PRIMARY KEY (`id_relation`),
  UNIQUE KEY `id_relation_UNIQUE` (`id_relation`)
) ENGINE=InnoDB AUTO_INCREMENT=6 DEFAULT CHARSET=utf8;
/*!40101 SET character_set_client = @saved_cs_client */;

--
-- Dumping data for table `relation`
--

LOCK TABLES `relation` WRITE;
/*!40000 ALTER TABLE `relation` DISABLE KEYS */;
INSERT INTO `relation` VALUES (1,'Depends','simple dependency'),(2,'DependsDirected','directed dependency'),(3,'InstanceOf','inheritance'),(4,'MemberOf','aggregation'),(5,'PartOf','composition');
/*!40000 ALTER TABLE `relation` ENABLE KEYS */;
UNLOCK TABLES;

--
-- Table structure for table `taxonomy`
--

DROP TABLE IF EXISTS `taxonomy`;
/*!40101 SET @saved_cs_client     = @@character_set_client */;
/*!40101 SET character_set_client = utf8 */;
CREATE TABLE `taxonomy` (
  `id_taxonomy` int(10) unsigned NOT NULL AUTO_INCREMENT,
  `text` varchar(50) DEFAULT NULL,
  PRIMARY KEY (`id_taxonomy`),
  UNIQUE KEY `id_taxonomy_UNIQUE` (`id_taxonomy`)
) ENGINE=InnoDB AUTO_INCREMENT=2 DEFAULT CHARSET=utf8;
/*!40101 SET character_set_client = @saved_cs_client */;

--
-- Dumping data for table `taxonomy`
--

LOCK TABLES `taxonomy` WRITE;
/*!40000 ALTER TABLE `taxonomy` DISABLE KEYS */;
INSERT INTO `taxonomy` VALUES (1,'Integrity protection');
/*!40000 ALTER TABLE `taxonomy` ENABLE KEYS */;
UNLOCK TABLES;

--
-- Table structure for table `taxonomy_dimension`
--

DROP TABLE IF EXISTS `taxonomy_dimension`;
/*!40101 SET @saved_cs_client     = @@character_set_client */;
/*!40101 SET character_set_client = utf8 */;
CREATE TABLE `taxonomy_dimension` (
  `id_taxonomy_dimension` int(10) unsigned NOT NULL AUTO_INCREMENT,
  `id_taxonomy` int(11) NOT NULL,
  `id_attribute` int(11) NOT NULL,
  `id_dimension` int(11) NOT NULL,
  PRIMARY KEY (`id_taxonomy_dimension`),
  UNIQUE KEY `id_taxonomy_dimension_UNIQUE` (`id_taxonomy_dimension`)
) ENGINE=InnoDB AUTO_INCREMENT=101 DEFAULT CHARSET=utf8;
/*!40101 SET character_set_client = @saved_cs_client */;

--
-- Dumping data for table `taxonomy_dimension`
--

LOCK TABLES `taxonomy_dimension` WRITE;
/*!40000 ALTER TABLE `taxonomy_dimension` DISABLE KEYS */;
INSERT INTO `taxonomy_dimension` VALUES (1,1,2,1),(2,1,3,1),(3,1,4,1),(4,1,6,1),(5,1,7,1),(6,1,8,1),(7,1,9,1),(8,1,10,1),(9,1,11,1),(10,1,12,1),(11,1,13,1),(12,1,15,1),(13,1,16,1),(14,1,17,1),(15,1,18,1),(16,1,19,1),(17,1,21,1),(18,1,22,1),(19,1,23,1),(20,1,24,1),(21,1,25,1),(22,1,28,2),(23,1,29,2),(24,1,30,2),(25,1,31,2),(26,1,33,3),(27,1,34,3),(28,1,36,3),(29,1,37,3),(30,1,39,3),(31,1,40,3),(32,1,42,3),(33,1,43,3),(34,1,45,3),(35,1,46,3),(36,1,47,3),(37,1,48,3),(38,1,49,3),(39,1,51,3),(40,1,52,3),(41,1,53,3),(42,1,54,3),(43,1,55,3),(44,1,56,3),(45,1,58,3),(46,1,59,3),(47,1,60,3),(48,1,61,3),(49,1,63,3),(50,1,64,3),(51,1,65,3),(52,1,66,3),(53,1,68,3),(54,1,69,3),(55,1,70,3),(56,1,5,1),(57,1,71,3),(58,1,72,2),(59,1,73,2),(60,1,75,2),(61,1,78,2),(62,1,79,2),(63,1,80,2),(64,1,81,2),(65,1,82,2),(66,1,83,2),(67,1,84,2),(68,1,85,2),(69,1,86,2),(70,1,87,2),(71,1,88,2),(72,1,89,3),(73,1,90,3),(74,1,91,3),(75,1,92,3),(76,1,93,1),(77,1,94,1),(78,1,95,1),(79,1,1,1),(80,1,14,1),(81,1,20,1),(83,1,27,2),(84,1,32,3),(85,1,35,3),(86,1,38,3),(87,1,41,3),(88,1,44,3),(89,1,50,3),(90,1,57,3),(91,1,62,3),(92,1,67,3),(93,1,96,2),(94,1,97,1),(95,1,98,3),(98,1,101,2),(99,1,103,2),(100,1,104,2);
/*!40000 ALTER TABLE `taxonomy_dimension` ENABLE KEYS */;
UNLOCK TABLES;

--
-- Table structure for table `taxonomy_relation`
--

DROP TABLE IF EXISTS `taxonomy_relation`;
/*!40101 SET @saved_cs_client     = @@character_set_client */;
/*!40101 SET character_set_client = utf8 */;
CREATE TABLE `taxonomy_relation` (
  `id_taxonomy_relation` int(11) NOT NULL AUTO_INCREMENT,
  `id_taxonomy` int(11) NOT NULL,
  `id_src_attribute` int(11) NOT NULL,
  `id_dest_attribute` int(11) NOT NULL,
  `id_relation` int(11) NOT NULL,
  `id_dimension` int(10) DEFAULT '0',
  `edgeBendPoints` longtext,
  PRIMARY KEY (`id_taxonomy_relation`),
  UNIQUE KEY `id_taxonomy_relation_UNIQUE` (`id_taxonomy_relation`)
) ENGINE=InnoDB AUTO_INCREMENT=250 DEFAULT CHARSET=utf8;
/*!40101 SET character_set_client = @saved_cs_client */;

--
-- Dumping data for table `taxonomy_relation`
--

LOCK TABLES `taxonomy_relation` WRITE;
/*!40000 ALTER TABLE `taxonomy_relation` DISABLE KEYS */;
INSERT INTO `taxonomy_relation` VALUES (56,1,2,93,3,0,NULL),(57,1,3,93,3,0,NULL),(58,1,4,93,3,0,NULL),(59,1,5,93,1,0,NULL),(60,1,21,20,3,0,NULL),(61,1,22,20,3,0,NULL),(62,1,23,20,3,0,NULL),(63,1,24,20,3,0,NULL),(64,1,25,20,3,0,NULL),(65,1,94,20,3,0,NULL),(66,1,6,21,1,0,NULL),(67,1,6,22,1,0,NULL),(68,1,6,94,1,0,NULL),(69,1,6,5,5,0,NULL),(70,1,7,5,5,0,NULL),(71,1,8,5,5,0,NULL),(72,1,9,7,3,0,NULL),(73,1,10,7,3,0,NULL),(74,1,13,8,3,0,NULL),(75,1,11,8,3,0,NULL),(76,1,12,11,3,0,NULL),(77,1,7,24,1,0,NULL),(78,1,7,25,1,0,NULL),(79,1,8,24,1,0,NULL),(80,1,8,25,1,0,NULL),(81,1,5,14,1,0,NULL),(82,1,15,14,3,0,NULL),(83,1,95,14,3,0,NULL),(84,1,17,14,3,0,NULL),(85,1,18,14,3,0,NULL),(86,1,19,14,3,0,NULL),(87,1,79,80,4,0,NULL),(88,1,81,80,4,0,NULL),(89,1,82,80,4,0,NULL),(90,1,83,80,4,0,NULL),(91,1,80,72,5,0,NULL),(92,1,73,72,5,0,NULL),(93,1,84,72,5,0,NULL),(94,1,27,72,5,0,NULL),(95,1,28,27,3,0,NULL),(96,1,29,27,3,0,NULL),(97,1,30,27,3,0,NULL),(98,1,88,84,3,0,NULL),(99,1,31,27,3,0,NULL),(101,1,85,84,3,0,NULL),(102,1,86,84,3,0,NULL),(103,1,87,84,3,0,NULL),(104,1,78,27,3,0,NULL),(105,1,57,32,5,0,NULL),(106,1,62,32,5,0,NULL),(107,1,67,32,5,0,NULL),(108,1,35,32,5,0,'628.5086707436948,135.2590299203812'),(109,1,38,32,5,0,NULL),(110,1,41,32,5,0,NULL),(111,1,44,32,5,0,NULL),(112,1,50,32,5,0,NULL),(113,1,33,32,3,0,NULL),(114,1,34,32,3,0,NULL),(115,1,58,57,3,0,NULL),(116,1,59,57,3,0,NULL),(117,1,60,57,3,0,NULL),(118,1,61,57,3,0,NULL),(119,1,71,62,3,0,NULL),(120,1,89,62,3,0,NULL),(121,1,63,62,3,0,NULL),(122,1,64,62,3,0,NULL),(123,1,65,62,3,0,NULL),(124,1,70,67,3,0,NULL),(125,1,69,67,3,0,NULL),(126,1,90,67,3,0,NULL),(127,1,36,35,3,0,NULL),(128,1,37,35,3,0,NULL),(129,1,39,38,3,0,NULL),(130,1,92,38,3,0,NULL),(131,1,42,41,3,0,NULL),(132,1,43,41,3,0,NULL),(133,1,45,44,3,0,NULL),(134,1,46,44,3,0,NULL),(135,1,47,44,3,0,NULL),(136,1,48,44,3,0,NULL),(137,1,49,44,3,0,NULL),(138,1,51,50,3,0,NULL),(139,1,52,50,3,0,NULL),(140,1,53,50,3,0,NULL),(141,1,54,50,3,0,NULL),(142,1,55,50,3,0,'1529.8746499106783,234.87930426760315'),(143,1,91,50,3,0,'1479.1145423275027,269.37590439200267'),(232,1,32,84,2,4,'299.87628918742394,-512.4037080175303'),(233,1,32,20,2,4,NULL),(234,1,32,27,2,4,NULL),(235,1,32,67,1,4,NULL),(236,1,57,20,2,4,NULL),(237,1,62,32,2,4,NULL),(238,1,93,14,1,4,NULL),(239,1,5,93,2,4,NULL),(240,1,84,32,2,4,'298.5429558540906,-476.4037080175301'),(241,1,80,72,2,4,NULL),(242,1,27,5,2,4,NULL),(243,1,27,32,2,4,NULL),(244,1,73,27,2,4,NULL),(246,1,101,73,3,2,NULL),(247,1,103,83,1,2,NULL),(248,1,104,103,3,2,'379.70033962855075,639.2305039314388'),(249,1,82,28,4,2,NULL);
/*!40000 ALTER TABLE `taxonomy_relation` ENABLE KEYS */;
UNLOCK TABLES;

--
-- Table structure for table `taxonomy_relation_annotation`
--

DROP TABLE IF EXISTS `taxonomy_relation_annotation`;
/*!40101 SET @saved_cs_client     = @@character_set_client */;
/*!40101 SET character_set_client = utf8 */;
CREATE TABLE `taxonomy_relation_annotation` (
  `id_taxonomy` int(11) NOT NULL,
  `id_taxonomy_relation` int(11) NOT NULL,
  `annotation` longtext,
  PRIMARY KEY (`id_taxonomy_relation`),
  UNIQUE KEY `id_taxonomy_relation_annotation_UNIQUE` (`id_taxonomy_relation`)
) ENGINE=InnoDB DEFAULT CHARSET=utf8;
/*!40101 SET character_set_client = @saved_cs_client */;

--
-- Dumping data for table `taxonomy_relation_annotation`
--

LOCK TABLES `taxonomy_relation_annotation` WRITE;
/*!40000 ALTER TABLE `taxonomy_relation_annotation` DISABLE KEYS */;
INSERT INTO `taxonomy_relation_annotation` VALUES (1,232,'Impedes'),(1,233,'Transforms'),(1,234,'Mitigates or raises the bar'),(1,236,'Affects'),(1,237,'Strengthens'),(1,239,'Contains'),(1,240,'Identifies'),(1,241,'Support'),(1,242,'Tampers with'),(1,243,'Tampers with'),(1,244,'Executes'),(1,247,'test'),(1,248,'test2'),(1,249,'asdf');
/*!40000 ALTER TABLE `taxonomy_relation_annotation` ENABLE KEYS */;
UNLOCK TABLES;

--
-- Final view structure for view `paper_merged_attributes`
--

/*!50001 DROP VIEW IF EXISTS `paper_merged_attributes`*/;
/*!50001 SET @saved_cs_client          = @@character_set_client */;
/*!50001 SET @saved_cs_results         = @@character_set_results */;
/*!50001 SET @saved_col_connection     = @@collation_connection */;
/*!50001 SET character_set_client      = utf8 */;
/*!50001 SET character_set_results     = utf8 */;
/*!50001 SET collation_connection      = utf8_general_ci */;
/*!50001 CREATE ALGORITHM=UNDEFINED */
/*!50013 DEFINER=`root`@`localhost` SQL SECURITY DEFINER */
/*!50001 VIEW `paper_merged_attributes` AS select 1 AS `id_taxonomy`,1 AS `id_paper`,1 AS `citation`,1 AS `bib`,1 AS `atts`,1 AS `leaf_atts` */;
/*!50001 SET character_set_client      = @saved_cs_client */;
/*!50001 SET character_set_results     = @saved_cs_results */;
/*!50001 SET collation_connection      = @saved_col_connection */;
/*!40103 SET TIME_ZONE=@OLD_TIME_ZONE */;

/*!40101 SET SQL_MODE=@OLD_SQL_MODE */;
/*!40014 SET FOREIGN_KEY_CHECKS=@OLD_FOREIGN_KEY_CHECKS */;
/*!40014 SET UNIQUE_CHECKS=@OLD_UNIQUE_CHECKS */;
/*!40101 SET CHARACTER_SET_CLIENT=@OLD_CHARACTER_SET_CLIENT */;
/*!40101 SET CHARACTER_SET_RESULTS=@OLD_CHARACTER_SET_RESULTS */;
/*!40101 SET COLLATION_CONNECTION=@OLD_COLLATION_CONNECTION */;
/*!40111 SET SQL_NOTES=@OLD_SQL_NOTES */;

-- Dump completed on 2017-12-05 22:15:35
