USE classification;

ALTER TABLE attribute ADD COLUMN x varchar(50) DEFAULT "";
ALTER TABLE attribute ADD COLUMN y varchar(50) DEFAULT "";
ALTER TABLE attribute ADD COLUMN xMajor varchar(50) DEFAULT "";
ALTER TABLE attribute ADD COLUMN yMajor varchar(50) DEFAULT "";
ALTER TABLE attribute ADD COLUMN x3D varchar(50) DEFAULT "";
ALTER TABLE attribute ADD COLUMN y3D varchar(50) DEFAULT "";
ALTER TABLE attribute ADD COLUMN z3D varchar(50) DEFAULT "";
ALTER TABLE attribute ADD COLUMN xMajor3D varchar(50) DEFAULT "";
ALTER TABLE attribute ADD COLUMN yMajor3D varchar(50) DEFAULT "";
ALTER TABLE attribute ADD COLUMN zMajor3D varchar(50) DEFAULT "";
ALTER TABLE dimension ADD COLUMN x varchar(50) DEFAULT "";
ALTER TABLE dimension ADD COLUMN y varchar(50) DEFAULT "";
ALTER TABLE dimension ADD COLUMN xMajor varchar(50) DEFAULT "";
ALTER TABLE dimension ADD COLUMN yMajor varchar(50) DEFAULT "";
ALTER TABLE attribute ADD COLUMN major tinyint(1) DEFAULT "0";
ALTER TABLE attribute ADD COLUMN synonyms varchar(500) DEFAULT "";

INSERT IGNORE INTO taxonomy_dimension (id_taxonomy, id_attribute, id_dimension) VALUES (1, 5, 1);

INSERT IGNORE INTO relation (id_relation, text, comment) VALUES (2, 'DependsDirected', 'directed dependency'),(3, 'InstanceOf', 'inheritance'),(4, 'MemberOf', 'aggregation'),(5, 'PartOf', 'composition');

/* attack view */
INSERT IGNORE INTO attribute (id_attribute,text) VALUES (80,'Tools'), (72,'Reverse engineering'), (73,'Attacker'), (84,'Discovery'), (79,'Disassembler'), (81,'Debugger'), (82,'Tracer'), (83,'Emulator'), (78,'Call interposition'), (85,'Pattern matching'), (86,'Taint analysis'), (87,'Graph-based analysis'), (88,'Symbolic execution');
/* defense view */
INSERT IGNORE INTO attribute (id_attribute,text) VALUES (71,'Software'), (89,'Dongle'), (90,'Self-check'), (91,'Hash chain'), (92,'Reactive');
/* new missing dimensions */
INSERT IGNORE taxonomy_dimension (id_taxonomy, id_attribute, id_dimension) VALUES (1, 71, 3), (1, 72, 2), (1, 73, 2), (1, 78, 2), (1, 79, 2), (1, 80, 2), (1, 81, 2), (1, 82, 2), (1, 83, 2), (1, 84, 2), (1, 85, 2), (1, 86, 2), (1, 87, 2), (1, 88, 2), (1, 89, 3), (1, 90, 3), (1, 91, 3), (1, 92, 3), (1, 93, 1), (1, 94, 1), (1, 95, 1);

/* system view */
INSERT IGNORE INTO attribute (id_attribute,text) VALUES (93,'Asset'), (94,'Link'), (95,'Basic block');

/* old missing dimensions */
INSERT IGNORE taxonomy_dimension (id_taxonomy, id_attribute, id_dimension) VALUES (1, 1, 1),(1,14,1),(1,20,1),(1,26,2),(1,27,2),(1,32,3),(1,35,3),(1,38,3),(1,41,3),(1,44,3),(1,50,3),(1,57,3),(1,62,3),(1,67,3);

DELETE FROM taxonomy_relation;

/* system relations */
INSERT IGNORE taxonomy_relation (id_taxonomy, id_src_attribute, id_dest_attribute, id_relation) VALUES (1, 2, 93, 3),(1, 3, 93, 3),(1, 4, 93, 3),(1, 5, 93, 1),(1, 21, 20, 3),(1, 22, 20, 3),(1, 23, 20, 3),(1, 24, 20, 3),(1, 25, 20, 3),(1, 94, 20, 3);
INSERT IGNORE taxonomy_relation (id_taxonomy, id_src_attribute, id_dest_attribute, id_relation) VALUES (1, 6, 21, 1),(1, 6, 22, 1),(1, 6, 94, 1),(1, 6, 5, 5),(1, 7, 5, 5),(1, 8, 5, 5),(1, 9, 7, 3),(1, 10, 7, 3),(1, 13, 8, 3),(1, 11, 8, 3),(1, 12, 11, 3),(1, 7, 24, 1),(1, 7, 25, 1),(1, 8, 24, 1),(1, 8, 25, 1);
INSERT IGNORE taxonomy_relation (id_taxonomy, id_src_attribute, id_dest_attribute, id_relation) VALUES (1, 5, 14, 1),(1, 15, 14, 3),(1, 95, 14, 3),(1, 17, 14, 3),(1, 18, 14, 3),(1, 19, 14, 3);

/* attack relations */
INSERT IGNORE taxonomy_relation (id_taxonomy, id_src_attribute, id_dest_attribute, id_relation) VALUES (1, 79, 80, 4),(1, 81, 80, 4),(1, 82, 80, 4),(1, 83, 80, 4),(1, 80, 72, 5),(1, 73, 72, 5),(1, 84, 72, 5),(1, 27, 72, 5);
INSERT IGNORE taxonomy_relation (id_taxonomy, id_src_attribute, id_dest_attribute, id_relation) VALUES (1, 28, 27, 3),(1, 29, 27, 3),(1, 30, 27, 3),(1, 88, 84, 3),(1, 31, 27, 3),(1, 26, 73, 3),(1, 85, 84, 3),(1, 86, 84, 3),(1, 87, 84, 3),(1, 78, 27, 3);

/* defense relations */
INSERT IGNORE taxonomy_relation (id_taxonomy, id_src_attribute, id_dest_attribute, id_relation) VALUES (1, 57, 32, 5),(1, 62, 32, 5),(1, 67, 32, 5),(1, 35, 32, 5),(1, 38, 32, 5),(1, 41, 32, 5),(1, 44, 32, 5),(1, 50, 32, 5),(1, 33, 32, 3),(1, 34, 32, 3);
INSERT IGNORE taxonomy_relation (id_taxonomy, id_src_attribute, id_dest_attribute, id_relation) VALUES (1, 58, 57, 3),(1, 59, 57, 3),(1, 60, 57, 3),(1, 61, 57, 3),(1, 71, 62, 3),(1, 89, 62, 3),(1, 63, 62, 3),(1, 64, 62, 3),(1, 65, 62, 3),(1, 70, 67, 3),(1, 69, 67, 3),(1, 90, 67, 3);
INSERT IGNORE taxonomy_relation (id_taxonomy, id_src_attribute, id_dest_attribute, id_relation) VALUES (1, 36, 35, 3),(1, 37, 35, 3),(1, 39, 38, 3),(1, 92, 38, 3),(1, 42, 41, 3),(1, 43, 41, 3),(1, 45, 44, 3),(1, 46, 44, 3),(1, 47, 44, 3),(1, 48, 44, 3),(1, 49, 44, 3),(1, 51, 50, 3),(1, 52, 50, 3),(1, 53, 50, 3),(1, 54, 50, 3),(1, 55, 50, 3),(1, 91, 50, 3);

/* major attributes (nodes) */
UPDATE attribute SET major = 1 WHERE text = "Tools";
UPDATE attribute SET major = 1 WHERE text = "Reverse engineering";
UPDATE attribute SET major = 1 WHERE text = "Attacker";
UPDATE attribute SET major = 1 WHERE text = "Discovery";
UPDATE attribute SET major = 1 WHERE text = "Attack";

UPDATE attribute SET major = 1 WHERE text = "Measure";
UPDATE attribute SET major = 1 WHERE text = "Overhead";
UPDATE attribute SET major = 1 WHERE text = "Trust anchor";
UPDATE attribute SET major = 1 WHERE text = "Protection level";

UPDATE attribute SET major = 1 WHERE text = "Asset";
UPDATE attribute SET major = 1 WHERE text = "Lifecycle activity";
UPDATE attribute SET major = 1 WHERE text = "Representation";
UPDATE attribute SET major = 1 WHERE text = "Granularity";

DROP TABLE IF EXISTS taxonomy_relation_annotation;
CREATE TABLE taxonomy_relation_annotation (
  id_taxonomy int(11) NOT NULL,
  id_taxonomy_relation int(11) NOT NULL,
  annotation longtext,
  PRIMARY KEY (id_taxonomy_relation),
  UNIQUE KEY id_taxonomy_relation_annotation_UNIQUE (id_taxonomy_relation)
) ENGINE=InnoDB AUTO_INCREMENT=71 DEFAULT CHARSET=utf8;

ALTER TABLE taxonomy_relation ADD COLUMN id_dimension int(10) DEFAULT "0";

INSERT IGNORE dimension (id_dimension, text) VALUES (4, "Interdimensional view");

/*INSERT IGNORE INTO taxonomy_dimension (id_taxonomy, id_attribute, id_dimension) VALUES (1, 32, 4), (1, 57, 4), (1, 62, 4), (1, 67, 4), (1, 93, 4), (1, 20, 4), (1, 5, 4), (1, 14, 4), (1, 84, 4), (1, 72, 4), (1, 80, 4), (1, 27, 4), (1, 73, 4);*/

/* Interdimensional relations */
INSERT IGNORE INTO taxonomy_relation (id_taxonomy_relation, id_taxonomy, id_src_attribute, id_dest_attribute, id_relation, id_dimension) VALUES (232, 1, 32, 84, 2, 4), (233, 1, 32, 20, 2, 4), (234, 1, 32, 27, 2, 4), (235, 1, 32, 67, 1, 4), (236, 1, 57, 20, 2, 4), (237, 1, 62, 32, 2, 4), (238, 1, 93, 14, 1, 4), (239, 1, 5, 93, 2, 4), (240, 1, 84, 32, 2, 4), (241, 1, 80, 72, 2, 4), (242, 1, 27, 5, 2, 4), (243, 1, 27, 32, 2, 4), (244, 1, 73, 27, 2, 4), (245, 1, 84, 5, 2, 4);
INSERT IGNORE INTO taxonomy_relation_annotation (id_taxonomy, id_taxonomy_relation, annotation) VALUES (1, 232, "Impedes"), (1, 233, "Transforms"), (1, 234, "Mitigates or raises the bar"), (1, 236, "Affects"), (1, 237, "Strengthens"), (1, 239, "Contains"), (1, 240, "Identifies"), (1, 241, "Support"), (1, 242, "Tampers with"), (1, 243, "Tampers with"), (1, 244, "Executes"), (1, 245, "Identifies asset");

ALTER TABLE taxonomy_relation ADD COLUMN edgeBendPoints longtext;

ALTER TABLE paper ADD COLUMN referenceCount int(20) DEFAULT "0";
ALTER TABLE paper ADD COLUMN author varchar(500) DEFAULT "";
ALTER TABLE paper ADD COLUMN keywords varchar(500) DEFAULT "";
ALTER TABLE mapping ADD COLUMN occurrenceCount int(20) DEFAULT "1";

ALTER TABLE mapping CHANGE COLUMN id_paper id_paper INT(11) UNSIGNED NOT NULL;
ALTER TABLE mapping CHANGE COLUMN id_attribute id_attribute INT(11) UNSIGNED NOT NULL;

ALTER TABLE attribute ADD COLUMN id_taxonomy INT(11) UNSIGNED DEFAULT 1;
ALTER TABLE attribute CHANGE COLUMN id_taxonomy id_taxonomy INT(11) UNSIGNED NOT NULL;
ALTER TABLE dimension ADD COLUMN id_taxonomy INT(11) UNSIGNED DEFAULT 1;
ALTER TABLE dimension CHANGE COLUMN id_taxonomy id_taxonomy INT(11) UNSIGNED NOT NULL;

ALTER TABLE attribute ADD UNIQUE KEY attribute_text_UNIQUE (text, id_taxonomy);
ALTER TABLE dimension ADD UNIQUE KEY dimension_text_UNIQUE (text, id_taxonomy);
/* ALTER TABLE mapping ADD UNIQUE KEY mapping_id_paper_id_attribute_UNIQUE (id_paper, id_attribute); */

/* change primary key */
ALTER TABLE mapping MODIFY id_mapping int(10) UNSIGNED NOT NULL, DROP PRIMARY KEY, ADD PRIMARY KEY (id_paper, id_attribute);
ALTER TABLE mapping ADD INDEX mapping_id_mapping (id_mapping), MODIFY id_mapping int(10) UNSIGNED NOT NULL AUTO_INCREMENT;

ALTER TABLE taxonomy_dimension ADD UNIQUE KEY taxonomy_dimension_id_attribute_UNIQUE (id_attribute);
ALTER TABLE taxonomy_relation ADD UNIQUE KEY taxonomy_relation_attributes_UNIQUE (id_taxonomy, id_src_attribute, id_dest_attribute, id_dimension);

/* foreign keys start */

SET FOREIGN_KEY_CHECKS = 0;

ALTER TABLE taxonomy CHANGE COLUMN id_taxonomy id_taxonomy INT(11) UNSIGNED NOT NULL AUTO_INCREMENT;

ALTER TABLE paper CHANGE COLUMN id_paper id_paper INT(11) UNSIGNED NOT NULL AUTO_INCREMENT;
ALTER TABLE paper CHANGE COLUMN citation citation varchar(500) NOT NULL;

ALTER TABLE attribute CHANGE COLUMN id_attribute id_attribute INT(11) UNSIGNED NOT NULL AUTO_INCREMENT;
ALTER TABLE attribute CHANGE COLUMN text text varchar(500) NOT NULL;
ALTER TABLE dimension CHANGE COLUMN id_dimension id_dimension INT(11) UNSIGNED NOT NULL AUTO_INCREMENT;

ALTER TABLE taxonomy_dimension CHANGE COLUMN id_attribute id_attribute INT(11) UNSIGNED NOT NULL;
ALTER TABLE taxonomy_dimension CHANGE COLUMN id_dimension id_dimension INT(11) UNSIGNED NOT NULL;
ALTER TABLE taxonomy_relation CHANGE COLUMN id_src_attribute id_src_attribute INT(11) UNSIGNED NOT NULL, CHANGE COLUMN id_dest_attribute id_dest_attribute INT(11) UNSIGNED NOT NULL;


ALTER TABLE taxonomy_dimension ADD CONSTRAINT taxonomy_dimension_id_attribute_foreign FOREIGN KEY (id_attribute) REFERENCES attribute (id_attribute) ON DELETE CASCADE ON UPDATE NO ACTION;
ALTER TABLE taxonomy_dimension ADD CONSTRAINT taxonomy_dimension_id_dimension_foreign FOREIGN KEY (id_dimension) REFERENCES dimension (id_dimension) ON DELETE CASCADE ON UPDATE NO ACTION;
ALTER TABLE taxonomy_relation ADD CONSTRAINT taxonomy_relation_id_src_attribute_foreign FOREIGN KEY (id_src_attribute) REFERENCES attribute (id_attribute) ON DELETE CASCADE ON UPDATE NO ACTION;
ALTER TABLE taxonomy_relation ADD CONSTRAINT taxonomy_relation_id_dest_attribute_foreign FOREIGN KEY (id_dest_attribute) REFERENCES attribute (id_attribute) ON DELETE CASCADE ON UPDATE NO ACTION;
ALTER TABLE mapping ADD CONSTRAINT mapping_id_attribute_foreign FOREIGN KEY (id_attribute) REFERENCES attribute (id_attribute) ON DELETE CASCADE ON UPDATE NO ACTION;
ALTER TABLE mapping ADD CONSTRAINT mapping_id_paper_foreign FOREIGN KEY (id_paper) REFERENCES paper (id_paper) ON DELETE CASCADE ON UPDATE NO ACTION;

ALTER TABLE attribute ADD CONSTRAINT attribute_id_taxonomy_foreign FOREIGN KEY (id_taxonomy) REFERENCES taxonomy (id_taxonomy) ON DELETE CASCADE ON UPDATE NO ACTION;
ALTER TABLE dimension ADD CONSTRAINT dimension_id_taxonomy_foreign FOREIGN KEY (id_taxonomy) REFERENCES taxonomy (id_taxonomy) ON DELETE CASCADE ON UPDATE NO ACTION;

SET FOREIGN_KEY_CHECKS = 1;

CREATE TABLE IF NOT EXISTS user (
  email varchar(128) NOT NULL,
  password varchar(128) NOT NULL,
  taxonomies varchar(500) DEFAULT "",
  admin tinyint(1) DEFAULT "0",
  PRIMARY KEY (email),
  UNIQUE KEY email_UNIQUE (email)
) ENGINE=InnoDB DEFAULT CHARSET=utf8;

INSERT INTO user (email, password, admin)
  VALUES
    ("felixhuber2@gmx.de", "123", 1);

/* foreign keys end */

/* dummy reference count data */
/* UPDATE paper SET referenceCount = id_paper; */

/* update taxonomy_relation.id_dimension */
UPDATE taxonomy_relation as relation SET id_dimension = (SELECT DISTINCT id_dimension from taxonomy_dimension WHERE taxonomy_dimension.id_attribute = relation.id_src_attribute) WHERE relation.id_dimension = 0;

/* store all children per attribute in a table */

DROP TABLE IF EXISTS allchildrenperattribute;
CREATE TABLE allchildrenperattribute (
  id_attribute int(10) unsigned NOT NULL,
  id_taxonomy int(11) unsigned NOT NULL,
  text varchar(50) NOT NULL,
  children longtext,
  PRIMARY KEY (id_attribute),
  UNIQUE KEY allchildrenperattribute_id_attribute_UNIQUE (id_attribute),
  CONSTRAINT allchildrenperattribute_id_taxonomy_foreign FOREIGN KEY (id_taxonomy) REFERENCES taxonomy (id_taxonomy) ON DELETE CASCADE ON UPDATE NO ACTION
) ENGINE=InnoDB AUTO_INCREMENT=71 DEFAULT CHARSET=utf8;

/* procedure creation + call has to be run after every db import/recreation: */

DROP PROCEDURE IF EXISTS insertallchildrenperattribute;
DELIMITER ;;

CREATE PROCEDURE insertallchildrenperattribute(taxonomyId INT(11))
BEGIN
  DECLARE cursor_id_attribute INT(11);
  DECLARE cursor_text VARCHAR(50);
  DECLARE done INT DEFAULT FALSE;
  DECLARE cursor_i CURSOR FOR SELECT id_attribute, text FROM attribute;
  DECLARE CONTINUE HANDLER FOR NOT FOUND SET done = TRUE;
  DELETE FROM allchildrenperattribute WHERE id_taxonomy = taxonomyId;
  OPEN cursor_i;
  read_loop: LOOP
    FETCH cursor_i INTO cursor_id_attribute, cursor_text;
    IF done THEN
      LEAVE read_loop;
    END IF;
    INSERT IGNORE INTO allchildrenperattribute(id_attribute, id_taxonomy, text, children) VALUES(cursor_id_attribute, taxonomyId, cursor_text, (SELECT (CASE WHEN b.children IS NULL THEN CAST(cursor_id_attribute AS CHAR(50)) ELSE CONCAT(CAST(cursor_id_attribute AS CHAR(50)), ",", b.children) END) AS children FROM (SELECT GROUP_CONCAT(lv SEPARATOR ',') AS children FROM (SELECT @pv:=(SELECT GROUP_CONCAT(DISTINCT relation1.id_src_attribute SEPARATOR ',') FROM taxonomy_relation AS relation1 WHERE relation1.id_taxonomy = taxonomyId AND relation1.id_relation > 2 AND FIND_IN_SET(relation1.id_dest_attribute, @pv)) AS lv FROM taxonomy_relation AS relation2 JOIN (SELECT @pv:=cursor_id_attribute) tmp ON (relation2.id_taxonomy = taxonomyId)) a) b));
  END LOOP;
  CLOSE cursor_i;
END;
;;

/* CALL insertallchildrenperattribute(1); */

DROP TABLE IF EXISTS allparentsperattribute;
CREATE TABLE allparentsperattribute (
  id_attribute int(11) unsigned NOT NULL,
  id_taxonomy int(11) unsigned NOT NULL,
  text varchar(50) NOT NULL,
  parents longtext,
  PRIMARY KEY (id_attribute),
  UNIQUE KEY allparentsperattribute_id_attribute_UNIQUE (id_attribute),
  CONSTRAINT allparentsperattribute_id_taxonomy_foreign FOREIGN KEY (id_taxonomy) REFERENCES taxonomy (id_taxonomy) ON DELETE CASCADE ON UPDATE NO ACTION
) ENGINE=InnoDB AUTO_INCREMENT=71 DEFAULT CHARSET=utf8;

DROP PROCEDURE IF EXISTS insertallparentsperattribute;
DELIMITER ;;

CREATE PROCEDURE insertallparentsperattribute(taxonomyId INT(11))
BEGIN
  DECLARE cursor_id_attribute INT(11);
  DECLARE cursor_text VARCHAR(50);
  DECLARE done INT DEFAULT FALSE;
  DECLARE cursor_i CURSOR FOR SELECT id_attribute, text FROM attribute;
  DECLARE CONTINUE HANDLER FOR NOT FOUND SET done = TRUE;
  DELETE FROM allparentsperattribute WHERE id_taxonomy = taxonomyId;
  OPEN cursor_i;
  read_loop: LOOP
    FETCH cursor_i INTO cursor_id_attribute, cursor_text;
    IF done THEN
      LEAVE read_loop;
    END IF;
    INSERT IGNORE INTO allparentsperattribute(id_attribute, id_taxonomy, text, parents) VALUES(cursor_id_attribute, taxonomyId, cursor_text, (SELECT (CASE WHEN b.parents IS NULL THEN "" ELSE b.parents END) AS parents FROM (SELECT GROUP_CONCAT(lv SEPARATOR ',') AS parents FROM (SELECT @pv:=(SELECT GROUP_CONCAT(DISTINCT parent.text SEPARATOR ',') FROM taxonomy_relation AS relation1 INNER JOIN attribute as parent ON (relation1.id_dest_attribute = parent.id_attribute AND parent.id_taxonomy = taxonomyId) WHERE relation1.id_taxonomy = taxonomyId AND relation1.id_relation > 2 AND FIND_IN_SET((SELECT DISTINCT text FROM attribute WHERE id_attribute = relation1.id_src_attribute AND id_taxonomy = taxonomyId), @pv)) AS lv FROM taxonomy_relation JOIN (SELECT @pv:=text FROM attribute WHERE id_attribute = cursor_id_attribute AND id_taxonomy = taxonomyId) tmp) a) b));
  END LOOP;
  CLOSE cursor_i;
END;
;;

/* CALL insertallparentsperattribute(1); */

/* dummy taxonomy coordinates */
/*
SET FOREIGN_KEY_CHECKS=0;
REPLACE INTO attribute VALUES (1,'Integrity Protection Assets','1539.6977208359122','828.406523846749',NULL,NULL,'2982.356969925021','-2285.019961769441','-864.2180305371212',NULL,NULL,NULL,0,1),(2,'Behavior','362.03679880998527','70.61697033346249',NULL,NULL,'-4105.754594713023','2970.805490853027','520.6240466093806',NULL,NULL,NULL,0,1),(3,'Data','360.50599492453625','156.00928187629017',NULL,NULL,'-5002.920658104225','2416.7437462541925','-667.9458699193781',NULL,NULL,NULL,0,1),(4,'Data and behavior','363.56267226780255','233.77468381901463',NULL,NULL,'-3116.814622838809','2150.293659766716','-739.4750876543186',NULL,NULL,NULL,0,1),(5,'Representation','328.44175759223543','432.6782494091842','-706.6576875701488','-609.3344062416174','-5631.8223863130315','-700.1480012803709','232.8933266727454','-2297.307274575899','1861.2451999882087','251.40799472895628',1,1),(6,'Static','1020.112697296182','169.14810291408673',NULL,NULL,'-753.8117777226684','2672.900536068831','55.5562648093229',NULL,NULL,NULL,0,1),(7,'In memory','1035.9341191918215','319.5410718472651',NULL,NULL,'-859.8475232068192','1419.0143417630459','1049.9932319804325',NULL,NULL,NULL,0,1),(8,'In execution','1036.422207754128','515.8949411042306',NULL,NULL,'-525.1480844836708','-997.8604194722125','-515.3976828985001',NULL,NULL,NULL,0,1),(9,'Code invariants','1473.5597140112222','232.10834584752325',NULL,NULL,'206.51897236227046','1964.5856119335288','1212.8380148609385',NULL,NULL,NULL,0,1),(10,'Data invariants','1475.0087028973157','391.5997213615837',NULL,NULL,'1584.2972884243895','1107.9452114293008','596.1960385203179',NULL,NULL,NULL,0,1),(11,'Trace','1476.9101394936774','659.8362915899118',NULL,NULL,'1414.656335785149','-1776.66513018276','-191.61968505004643',NULL,NULL,NULL,0,1),(12,'Timed trace','1652.9485817795407','661.3853305327655',NULL,NULL,'2706.2310058466305','-505.4745310046228','-577.2241671516888',NULL,NULL,NULL,0,1),(13,'HW counters','1477.121572065918','520.1881886758251',NULL,NULL,'1194.9742695396158','65.74160947273646','-137.41344005045494',NULL,NULL,NULL,0,1),(14,'Granularity','327.83669869646576','674.855512732843','-686.6596563047685','-281.3360728952638','-4849.209350403896','-1872.1017791288107','20.015773720053858','2750.4431883226216','-2948.6211902334258','-502.6910289016656',1,1),(15,'Instructions','593.8761270678542','600.541071847265',NULL,NULL,'-3677.00212371179','-2059.3275936855316','-1231.9318958901586',NULL,NULL,NULL,0,1),(16,'BB','1696.8048303141118','828.2885674277604',NULL,NULL,'2143.4276500237497','-2464.144864036762','-1036.6394584036368',NULL,NULL,NULL,0,1),(17,'Function','576.3228150877201','672.3462308565527',NULL,NULL,'-3825.8952008628225','-2536.6896428436626','-495.4057692218644',NULL,NULL,NULL,0,1),(18,'Slice','560.9285313738394','752.36643808501',NULL,NULL,'-3435.1692734008243','-2081.4646016536462','1249.2503410645315',NULL,NULL,NULL,0,1),(19,'Application','590.1813644885203','825.9356842563209',NULL,NULL,'-3659.547946100021','-2773.817578816789','732.0912311726131',NULL,NULL,NULL,0,1),(20,'Lifecycle activity','499.43222543214654','296.8923115428277','-690.6616875388991','-767.670541636393','-4688.243193111236','110.89828167666965','-422.7101612981819','3088.7134093484487','338.8041040030753','-411.428475846131',1,1),(21,'Pre-compile','727.983737113648','68.90956051470602',NULL,NULL,'-2098.4675273781886','1903.2747623767602','708.8565788744929',NULL,NULL,NULL,0,1),(22,'Compile','708.0208646188082','143.38072880030973',NULL,NULL,'-2060.668061605252','1333.5185979024836','700.4689784693802',NULL,NULL,NULL,0,1),(23,'Post-compile','733.842286514448','211.20478025735315',NULL,NULL,'-2417.367759420388','1072.6497859901137','-40.15143208390509',NULL,NULL,NULL,0,1),(24,'Load','693.7813361339005','366.75480528573263',NULL,NULL,'-2148.2653425899725','-308.27053657036','59.54550985321248',NULL,NULL,NULL,0,1),(25,'Run','695.4851303057279','438.1278956856295',NULL,NULL,'-2078.8620483112054','-1015.7537643835454','82.76219647055268',NULL,NULL,NULL,0,1),(26,'Not root','474.7266028589015','454.7732747885879','','',NULL,NULL,NULL,NULL,NULL,NULL,0,1),(27,'Attack','959.3360043758585','256.6619190499381','-323.9978125170894','-482.6650312627768','-560.3840244102373','102.1552480434342','-956.7462882957757','-1043.6553421224908','633.6478862886546','4.547473508864641e-13',1,1),(28,'Binary ','813.3219621018261','142.03790265880497',NULL,NULL,'-669.670563198074','778.7013671716411','-1338.7442185818304',NULL,NULL,NULL,0,1),(29,'Process memory','959.7840594430213','141.03790265880497',NULL,NULL,'-94.03937291157544','-1336.7099182805853','1261.323300421252',NULL,NULL,NULL,0,1),(30,'Runtime data','1103.0008419920632','139.4152452627283',NULL,NULL,'-1286.5345978331447','-12.458919208386305','-1284.887427267443',NULL,NULL,NULL,0,1),(31,'Control flow','1307.8590227685681','140.11370797641482',NULL,NULL,'613.0758806397226','625.6623474191132','-1220.5401846641005',NULL,NULL,NULL,0,1),(32,'Measure','847.3942993388207','425.0985353391625','-987.9939687971188','-766.6627500305989','-1540.1203017455578','164.35563430566253','519.8406371279184','-2885.666024652709','-362.649687924208','366.3875195434952',1,1),(33,'Local','1083.8113585010585','349.5760338996515',NULL,NULL,'414.01249022013945','650.3924349711187','217.48400016653432',NULL,NULL,NULL,0,1),(34,'Remote','1084.2995836339228','424.4551551031491',NULL,NULL,'491.74632812015005','97.3780742973924','-123.8359011677826',NULL,NULL,NULL,0,1),(35,'Monitor','422.4089459471961','352.089115445454',NULL,NULL,'-3569.5793861554353','1840.7840486857215','360.30867064656013',NULL,NULL,NULL,0,1),(36,'State inspection','139.41025262586263','152.3557294513971',NULL,NULL,'-5341.030340064095','2669.721222390146','-724.4818029428425',NULL,NULL,NULL,0,1),(37,'Introspection','136.15191089189352','352.71535517567395',NULL,NULL,'-4970.62799052557','1395.0657686414263','-235.261091445313',NULL,NULL,NULL,0,1),(38,'Response','426.9031877055812','232.79764502657298',NULL,NULL,'-2593.6039171763614','2544.8218260668036','-759.650458124624',NULL,NULL,NULL,0,1),(39,'Proactive','304.9316064436389','131.33039620209587',NULL,NULL,'-3372.016016595666','3430.1408603523755','-464.66544817688964',NULL,NULL,NULL,0,1),(40,'Postmortem','1796.8697013097888','637.6056002594439',NULL,NULL,'-5498.445586366219','-3168.741296759451','-466.7710346363615',NULL,NULL,NULL,0,1),(41,'Transformation','604.4856117755306','227.08131819475398',NULL,NULL,'-674.7676646465982','2349.977089886205','-139.82051733421395',NULL,NULL,NULL,0,1),(42,'Manual','553.6373636104923','121.95101950454278',NULL,NULL,'-921.5490625752307','3398.8951229358577','-479.87542564422074',NULL,NULL,NULL,0,1),(43,'Automatic','671.6729465958057','121.38822513286442',NULL,NULL,'127.94846090778958','3219.9382164220856','20.700303685751805',NULL,NULL,NULL,0,1),(44,'Check','847.6077972507001','241.9154365192295',NULL,NULL,'1837.275949199416','2425.3707306235287','-191.4718377402669',NULL,NULL,NULL,0,1),(45,'Checksum','796.7595490856617','119.67969555174551',NULL,NULL,'1281.3745416615216','2879.8359194492364','723.2800076185517',NULL,NULL,NULL,0,1),(46,'Signature','913.2121912332129','118.9711659706266',NULL,NULL,'2246.4861157601076','2810.5915954973075','942.1178163301893',NULL,NULL,NULL,0,1),(47,'Equation eval','1063.916010867478','118.97116597062654',NULL,NULL,'4753.967841269285','3722.180629086103','-665.6491212581645',NULL,NULL,NULL,0,1),(48,'Majority vote','1243.5593911034905','118.97116597062654',NULL,NULL,'5182.609118082028','2736.231141284869','551.5771540960122',NULL,NULL,NULL,0,1),(49,'Access control','1415.9515938527904','119.49366741013745',NULL,NULL,'6003.849502008718','2344.8187915623075','899.7533214767686',NULL,NULL,NULL,0,1),(50,'Hardening','1079.1773981587537','260.30455196468347',NULL,NULL,'3255.87157917825','840.7435575967074','88.59670625233503',NULL,NULL,NULL,0,1),(51,'Cyclic checks','1579.377556140925','264.23018137981813',NULL,NULL,'5319.912403964804','1727.0256279508856','111.736167113791',NULL,NULL,NULL,0,1),(52,'Mutation','1584.594457320991','342.1185238230755',NULL,NULL,'4730.551295434692','949.487537634357','746.8857972408391',NULL,NULL,NULL,0,1),(53,'Code concealment','1594.0826824538556','432.01779149265667',NULL,NULL,'5356.577880976774','409.08695466782','279.84508938293175',NULL,NULL,NULL,0,1),(54,'Cloning','1597.591054052804','522.4798535339163',NULL,NULL,'5418.041195227526','-113.16968086050889','220.2466009992163',NULL,NULL,NULL,0,1),(55,'Layered interpretation','1621.5637433394631','599.0876507846166',NULL,NULL,'5193.809046312347','-656.3386097542594','748.8403578656307',NULL,NULL,NULL,0,1),(56,'Block chain','1796.4704534387163','700.421241952652',NULL,NULL,'-6603.287282993331','-3590.335405994925','-415.31175748802025',NULL,NULL,NULL,0,1),(57,'Overhead','417.70302972341','425.33411832447575','-989.3283021226397','-621.3320208435873','-3111.5808170396704','-114.66231598591185','866.8210719505937','164.35378747602084','1134.055950173481','-753.9175926735629',1,1),(58,'Fair','232.52692883344275','671.5330491564459',NULL,NULL,'-5469.649462165422','-1106.5081701160102','688.9308524708213',NULL,NULL,NULL,0,1),(59,'Medium','320.36666614110965','672.6617658754263',NULL,NULL,'-4962.526245694544','-1110.5939508533318','750.2335288606791',NULL,NULL,NULL,0,1),(60,'High','414.8140466819174','672.4469216878636',NULL,NULL,'-4466.411357115115','-1226.125726118128','787.2822971600735',NULL,NULL,NULL,0,1),(61,'N/A','487.1906142580392','672.0880462774242',NULL,NULL,'-3918.0005729833483','-1244.1277199837466','842.8111976052214',NULL,NULL,NULL,0,1),(62,'Trust anchor','848.4620620412592','544.1450028790218','-982.6596771379395','-383.9977500175782','-1852.7437633603195','-1111.1540361743937','-97.31951956107605','-1496.7187517790915','-1076.584406805348','1016.42713987056',1,1),(63,'TPM','934.5379379587403','669.5063325898627',NULL,NULL,'-1184.9044012773659','-1789.3336295065346','572.4938645051229',NULL,NULL,NULL,0,1),(64,'SGX','1005.3626363895075','670.5063325898627',NULL,NULL,'-760.1823260827139','-1683.7777345675374','-319.8366899296602',NULL,NULL,NULL,0,1),(65,'Other','1077.3129235636318','673.3605973804222',NULL,NULL,'-294.31717100375323','-1603.1064742755818','528.323654467245',NULL,NULL,NULL,0,1),(66,'None','1710.7202051212796','700.8820213167838',NULL,NULL,'-8858.024127630688','-3467.2103127353244','-1518.0462141048988',NULL,NULL,NULL,0,1),(67,'Protection level','1295.8615880947477','548.2101522241273','-994.6595208891601','-281.33211459285496','996.9534648630378','-1705.7452487059247','512.4409064068868','-2534.5247518544247','256.0799143751864','-203.61227561712337',1,1),(68,'Internal','1637.7375791730985','699.6296638716772',NULL,NULL,'-7748.085581592561','-3476.806033232715','-1364.4036208165571',NULL,NULL,NULL,0,1),(69,'External','1368.6705318924207','700.6840866444072',NULL,NULL,'2529.0218352225365','-3007.2567771414238','285.6644084838954',NULL,NULL,NULL,0,1),(70,'Hypervisor','1228.9431625238847','700.7404915861159',NULL,NULL,'1583.1531063878915','-2645.529174665351','703.9929349935978',NULL,NULL,NULL,0,1),(71,'Software','729.4976450265727','669.7900057580437',NULL,NULL,'-2797.358495533419','-2152.495606294804','-225.68108123829825',NULL,NULL,NULL,0,1),(72,'Reverse engineering','475.2492122594372','254.81217069010142','-322.6662604198401','-776.0002187482914','-150.57370347755636','-715.1167132090086','-15.635084340648746','-197.80873206507522','-917.9333817485949','326.9834909860764',1,1),(73,'Attacker','475.12476237623423','368.1895132940248','-326.9977708507478','-283.333645830892','1144.1859704610501','240.24312276877822','-194.02308367976838','1024.0980845461536','-88.9569907091659','-1366.4392732671088',1,1),(78,'Call interposition','1150.347996774703','256.8145864563514',NULL,NULL,'-614.6855742024392','69.78717798899197','172.16880717031245',NULL,NULL,NULL,0,1),(79,'Disassembler','119.12950183558092','125.83901894908689',NULL,NULL,'-1995.7698478480065','-1269.2143260974635','-850.0941495725112',NULL,NULL,NULL,0,1),(80,'Tools','201.9306181258629','254.34923135684323','-325.33287500358057','-623.9985312614746','-1164.2709035330786','-836.8747820341652','-862.5478927977981','-1342.1191295012839','-114.96057988172356','-15.715835268157775',1,1),(81,'Debugger','241.45788738087992','128.4616763451635',NULL,NULL,'-898.1664589407969','-1951.0450139459258','-746.8683106090873',NULL,NULL,NULL,0,1),(82,'Tracer','340.07987666203144','127.12817980870784',NULL,NULL,'-1551.0856659947635','-478.5743355733096','-1242.1773531332879',NULL,NULL,NULL,0,1),(83,'Emulator','201.89365167201254','367.6398348095756',NULL,NULL,'-1150.7311957570096','-1400.1755468659949','217.24970035778017',NULL,NULL,NULL,0,1),(84,'Discovery','728.1518947222971','328.72709096376013','-320.002354148275','-889.3320416767579','134.6578654717242','-290.1059399368047','911.8235960463293','-107.54154854705472','-1454.515798633701','553.3090234561244',1,1),(85,'Pattern matching','728.5292554630064','453.4778093963763',NULL,NULL,'1037.20466085537','-142.0301624518263','1259.2820528498744',NULL,NULL,NULL,0,1),(86,'Taint analysis','919.9380630792848','451.93938973457784',NULL,NULL,'647.4909578714954','-571.3963813086439','1710.4840235215438',NULL,NULL,NULL,0,1),(87,'Graph-based analysis','1111.657682390608','453.1489477500765',NULL,NULL,'696.823432627275','-1526.425663903857','1189.8850144020796',NULL,NULL,NULL,0,1),(88,'Symbolic execution','1334.992734564465','451.1965639504301',NULL,NULL,'662.2672080618793','-1189.9103668925495','887.5497529647132',NULL,NULL,NULL,0,1),(89,'Dongle','848.9502871741241','670.352800129722',NULL,NULL,'-1758.2619761800556','-1832.5148037505676','517.4632417765356',NULL,NULL,NULL,0,1),(90,'Self-check','1498.733584648006','699.368986962789',NULL,NULL,'2254.929586909267','-2091.1030565912292','640.2494531206704',NULL,NULL,NULL,0,1),(91,'Hash chain','1575.609501237264','186.10961673256747',NULL,NULL,'5428.823081049158','-1392.7422049872685','622.1884914602401',NULL,NULL,NULL,0,1),(92,'Reactive','426.9542072101243','128.19895170523972',NULL,NULL,'-2156.9317741090754','3388.5632998016813','29.848118994063952',NULL,NULL,NULL,0,1),(93,'Asset','99.22342242131162','154.6749624574304','-686.6576250706369','-890.6693853954267','-4808.952804641889','1030.5020433257075','5.0788317295755405','3129.4424613034453','-1133.9728517827305','-488.9199597681988',1,1),(94,'Link','693.5984849922603','296.93075382868955',NULL,NULL,'-2652.1505220442427','412.8804880622755','131.98179481604484',NULL,NULL,NULL,0,1),(95,'Basic block','589.3599425928796','523.6192711996905',NULL,NULL,'-5634.276242050955','-2183.7509211360775','698.4873866131952',NULL,NULL,NULL,0,1);
REPLACE INTO taxonomy_relation VALUES (56,1,2,93,3,1,'{x:245.99999999999997,y:71.99999999999996};{x:246.99999999999997,y:155}'),(57,1,3,93,3,1,'{x:232.36470867292397,y:155.35488918195506}'),(58,1,4,93,3,1,'{x:246.99999999999997,y:234};{x:246.99999999999997,y:155.99999999999994}'),(59,1,5,93,1,1,'{x:99.99999999999991,y:431.9999999999999}'),(60,1,21,20,3,1,'{x:647.1794253666435,y:69.82057517234267};{x:650.6666891188631,y:296.3333098646116}'),(61,1,22,20,3,1,'{x:648.2100417611323,y:143.79604123777884};{x:649.4742480270277,y:296.5104000328528}'),(62,1,23,20,3,1,'{x:648.3866880746442,y:211.6541379857174};{x:649.3213879220136,y:296.6063372240162}'),(63,1,24,20,3,1,'{x:651.1102947476124,y:366.7756595403927};{x:650.602317217686,y:297.7944639029661}'),(64,1,25,20,3,1,'{x:651.0420523241444,y:435.7642012738366};{x:649.9017992903628,y:297.80051601778246}'),(65,1,94,20,3,1,'{x:631.5153552122035,y:296.9184622110439}'),(66,1,6,21,1,1,'{x:837.0000000000001,y:168.00000000000003};{x:835,y:70.00000000000003}'),(67,1,6,22,1,1,'{x:836.0000000000002,y:169};{x:836.0000000000002,y:144}'),(68,1,6,94,1,1,'{x:836.9999999999999,y:169.0000000000001};{x:837.9999999999997,y:298.00000000000017}'),(69,1,6,5,5,1,'{x:1019.9999999999998,y:231.00000000000006};{x:926,y:231};{x:929.9999999999997,y:487};{x:483.99999999999994,y:482};{x:480.9999999999998,y:435}'),(70,1,7,5,5,1,'{x:926.9999999999998,y:319};{x:929,y:486};{x:482.99999999999994,y:482};{x:482.0000000000001,y:434.99999999999994}'),(71,1,8,5,5,1,'{x:929,y:514.9999999999999};{x:929.0000000000002,y:487};{x:481.9999999999999,y:481};{x:480.9999999999999,y:434}'),(72,1,9,7,3,1,'{x:1474,y:318}'),(73,1,10,7,3,1,'{x:1473.7949380792272,y:317.9784915175459}'),(74,1,13,8,3,1,'{x:1259.2718899100228,y:518.0659196311467}'),(75,1,11,8,3,1,'{x:1361,y:659};{x:1360,y:518.9999999999998}'),(76,1,12,11,3,1,'{x:1549.9293606366093,y:660.4788195267564}'),(77,1,7,24,1,1,'{x:1036,y:366.99999999999994}'),(78,1,7,25,1,1,'{x:1036,y:443.0000000000001}'),(79,1,8,24,1,1,'{x:1035,y:368.00000000000006}'),(80,1,8,25,1,1,'{x:1035,y:444};{x:886.7188837054866,y:441.4353930845009}'),(81,1,5,14,1,1,'{x:328.1392281443622,y:553.7668810710022}'),(82,1,15,14,3,1,'{x:506.9999999999999,y:603};{x:506.99999999999994,y:673.0000000000001}'),(83,1,95,14,3,1,'{x:505.99999999999994,y:525};{x:506.99999999999994,y:672.9999999999999}'),(84,1,17,14,3,1,'{x:459.5797568920929,y:673.5251347098841}'),(85,1,18,14,3,1,'{x:507.9999999999999,y:752};{x:506.99999999999994,y:674}'),(86,1,19,14,3,1,'{x:509,y:825};{x:507,y:673}'),(87,1,79,80,4,2,'{x:119.21985912716738,y:191.88190867508243};{x:202.21985912716733,y:190.88190867508223}'),(88,1,81,80,4,2,'{x:241.21985912716747,y:190.88190867508288};{x:202.21985912716724,y:190.881908675083}'),(89,1,82,80,4,2,'{x:338.84847248584714,y:191.5349713095123};{x:203.21985912716718,y:191.8819086750825}'),(90,1,83,80,4,2,'{x:201.9121348988953,y:310.9945330830352}'),(91,1,80,72,5,2,'{x:303.5899151926502,y:254.52141900969116}'),(92,1,73,72,5,2,'{x:475.1869873177485,y:311.500841992063}'),(93,1,84,72,5,2,'{x:474.97515501915564,y:327.65226755612076}'),(94,1,27,72,5,2,'{x:749.7926083176478,y:255.86123090994874}'),(95,1,28,27,3,2,'{x:814.84152913225,y:196.7518137564864};{x:959.8415291322498,y:196.75181375648648}'),(96,1,29,27,3,2,'{x:959.5600319095079,y:198.8499108543131}'),(97,1,30,27,3,2,'{x:1103.8484724858467,y:198.53497130951226};{x:959.8415291322493,y:197.7518137564864}'),(98,1,88,84,3,2,'{x:1336.8484724858472,y:396.53497130951206};{x:728.0668472804629,y:394.8950055421265}'),(99,1,31,27,3,2,'{x:1307.8415291322503,y:197.75181375648594};{x:959.8415291322494,y:198.75181375648614}'),(100,1,26,73,3,2,'{x:474.9256826175398,y:411.481394041331}'),(101,1,85,84,3,2,'{x:728.34057509258,y:391.10245018006844}'),(102,1,86,84,3,2,'{x:919.8484724858474,y:395.5349713095123};{x:729.0743617269079,y:394.50376596600955}'),(103,1,87,84,3,2,'{x:1111.8484724858467,y:396.534971309512};{x:728.6180005479822,y:393.9837999791198}'),(104,1,78,27,3,2,'{x:1024.842000575281,y:256.71427508485874}'),(105,1,57,32,5,3,'{x:635.0486645311152,y:425.21495617920175}'),(106,1,62,32,5,3,'{x:847.9281806900183,y:484.62176910908596}'),(107,1,67,32,5,3,'{x:1293,y:500.9999999999998};{x:849,y:501}'),(108,1,35,32,5,3,'{x:557.9999999999999,y:353};{x:558,y:424.99999999999983}'),(109,1,38,32,5,3,'{x:425.9999999999999,y:301.99999999999994};{x:606,y:303};{x:847.9999999999999,y:305}'),(110,1,41,32,5,3,'{x:605,y:302.0000000000002};{x:848,y:305.0000000000001}'),(111,1,44,32,5,3,'{x:847.5010482948479,y:333.5069859296838}'),(112,1,50,32,5,3,'{x:1080,y:304};{x:848.0000000000002,y:304.99999999999955}'),(113,1,33,32,3,3,'{x:1012,y:350};{x:1013,y:424}'),(114,1,34,32,3,3,'{x:968.2652772623532,y:424.7702775776905}'),(115,1,58,57,3,3,'{x:233.99999999999994,y:616};{x:264.9999999999999,y:616.0000000000001};{x:415,y:616.0000000000002}'),(116,1,59,57,3,3,'{x:320.99999999999994,y:616.0000000000001};{x:414.99999999999994,y:616.0000000000001}'),(117,1,60,57,3,3,'{x:416.2585382026585,y:548.8905200061671}'),(118,1,61,57,3,3,'{x:486.00000000000006,y:617.0000000000006};{x:414.9999999999999,y:617}'),(119,1,71,62,3,3,'{x:728.9999999999997,y:620.0000000000002};{x:848.9999999999998,y:621}'),(120,1,89,62,3,3,'{x:848.7061746076743,y:607.2489015044602}'),(121,1,63,62,3,3,'{x:934,y:622};{x:848.0000000000006,y:621.0000000000002}'),(122,1,64,62,3,3,'{x:1005.0000000000001,y:623};{x:1005.9485620377977,y:623.0121610517666};{x:849.0000000000002,y:621.0000000000003}'),(123,1,65,62,3,3,'{x:1078,y:624};{x:849.0000000000005,y:620.9999999999997}'),(124,1,70,67,3,3,'{x:1228,y:643.0000000000005};{x:1297.9999999999993,y:643.9999999999995}'),(125,1,69,67,3,3,'{x:1369.0712099571522,y:642.984697000612};{x:1370.056723117731,y:642.9706182411755};{x:1298.000000000001,y:643.9999999999995}'),(126,1,90,67,3,3,'{x:1499,y:643};{x:1298.0000000000002,y:644.0000000000002}'),(127,1,36,35,3,3,'{x:138.99999999999997,y:232};{x:236,y:231.99999999999997};{x:236.00000000000003,y:353}'),(128,1,37,35,3,3,'{x:306.759866540906,y:352.3421190031607}'),(129,1,39,38,3,3,'{x:305.9999999999998,y:178.9999999999999};{x:427.00000000000006,y:179}'),(130,1,92,38,3,3,'{x:426.92869745792456,y:180.49829836590638}'),(131,1,42,41,3,3,'{x:604,y:122.00000000000021}'),(132,1,43,41,3,3,'{x:602.9999999999999,y:122.0000000000002}'),(133,1,45,44,3,3,'{x:795.6061590568141,y:175.2083477327829};{x:848.469182439591,y:175.9429986885101}'),(134,1,46,44,3,3,'{x:914,y:175};{x:847.9999999999998,y:175.00000000000108}'),(135,1,47,44,3,3,'{x:1064,y:173.99999999999983};{x:849.0794455437408,y:176.13048301003045}'),(136,1,48,44,3,3,'{x:1242.0000000000002,y:171.99999999999994};{x:849.0000000000002,y:176.99999999999994}'),(137,1,49,44,3,3,'{x:1417,y:170.00000000000006};{x:846.8473473305277,y:177.10812131452283}'),(138,1,51,50,3,3,'{x:1318.6167783100661,y:262.1837002593493}'),(139,1,52,50,3,3,'{x:1467,y:340.9999999999999};{x:1466.0000000000005,y:264}'),(140,1,53,50,3,3,'{x:1469.0000000000002,y:430.99999999999994};{x:1464.9999999999993,y:263.99999999999983}'),(141,1,54,50,3,3,'{x:1470.9999999999998,y:521.0000000000001};{x:1466,y:263.9999999999998}'),(142,1,55,50,3,3,'{x:1473,y:598.9999999999998};{x:1465.0000000000002,y:264}'),(143,1,91,50,3,3,'{x:1464,y:186};{x:1465.0000000000002,y:264}'),(232,1,32,84,2,4,'{x:-988.2359632913441,y:-951.8103241540371};{x:-319.4815098371267,y:-953.0186736286499}'),(233,1,32,20,2,4,'{x:-854.6013207506861,y:-767.1148771605798}'),(234,1,32,27,2,4,'{x:-988.3387121979307,y:-671.6765206578543};{x:-974.8746142326793,y:-671.6633472599729};{x:-881.6030760219256,y:-671.6327409718069};{x:-880.3387121979304,y:-533.0098539911878};{x:-323.00537886459705,y:-530.3431873245208}'),(235,1,32,67,1,4,'{x:-1112.6030760219257,y:-766.6327409718037};{x:-1109.4158110522417,y:-280.0665701535794}'),(236,1,57,20,2,4,'{x:-923.4018092467566,y:-621.137974980062};{x:-922.6030760219257,y:-697.6327409718073};{x:-779.605755831528,y:-698.2517769899473};{x:-691.6030760219255,y:-697.6327409718069}'),(237,1,62,32,2,4,'{x:-1064.0866850676534,y:-384.47223943593764};{x:-1063.6030760219257,y:-766.6327409718072}'),(238,1,93,14,1,4,'{x:-808.3387121979307,y:-891.6765206622291};{x:-808.6389747768841,y:-281.22937748887347}'),(239,1,5,93,2,4,'{x:-706.6030760219257,y:-666.6327409718074};{x:-545.6030760219257,y:-665.6327409718065};{x:-547.4698322288425,y:-875.642814249965};{x:-547.6030760219257,y:-890.6327409718065}'),(240,1,84,32,2,4,'{x:-319.94685346915963,y:-837.0064609626666};{x:-987.5115317947335,y:-834.3519942169112}'),(241,1,80,72,2,4,'{x:-181.6030760219259,y:-623.6327409718075};{x:-181.6030760219258,y:-776.6327409718083}'),(242,1,27,5,2,4,'{x:-369.47753487234206,y:-482.1635275661221};{x:-706.6030760219259,y:-483.6327409718072}'),(243,1,27,32,2,4,'{x:-403.0053788645975,y:-482.3431873245204};{x:-403.00537886459716,y:-214.34318732452073};{x:-1137.672045531264,y:-214.34318732452084};{x:-1137.6720455312643,y:-767.6765206578542}'),(244,1,73,27,2,4,'{x:-258.60307602192586,y:-284.63274097180545};{x:-258.60899150214834,y:-483.8567189443867}'),(245,1,84,5,2,4,'{x:-485.60307602192574,y:-890.632740971807};{x:-485.9305355073303,y:-696.4536368161712};{x:-485.09227442745885,y:-608.4362234296373}'),(246,1,23,23,1,1,NULL),(247,1,23,6,1,1,'{x:838.0000000000002,y:211.00000000000006};{x:836.9999999999999,y:169.00000000000003}');
SET FOREIGN_KEY_CHECKS=1;
*/